Workbook

Sheet Data
A1: address | B1: addressLine1 | C1: addressLine2 | D1: agencyId | E1: agencyName | F1: agencyUrl | G1: agentName | H1: area | I1: buildYear | J1: city | K1: district | L1: friendlyId | M1: hasOpenBidding | N1: imageThumbnail | O1: imageUrls/0 | P1: imageUrls/1 | Q1: imageUrls/2 | R1: isNewBuilding | S1: isPrivateSeller | T1: latitude | U1: listingId | V1: listingUrl | W1: longitude | X1: price | Y1: priceFormatted | Z1: privateSellerName | AA1: propertySubtype | AB1: propertyType | AC1: publishedDate | AD1: roomCount | AE1: rooms | AF1: scrapedAt | AG1: title | AH1: totalArea | AI1: Type of Kitchen | AJ1: Sauna | AK1: Type of Outdoor Space | AL1: Type of bathrooms | AM1: Storage | AN1: Region
A2: Aakkulantie 27 Suorama Kangasala | B2: Aakkulantie 27 | C2: Suorama Kangasala | D2: 863 | E2: TA-Asumisoikeus Oy | F2: http://www.ta.fi/ | H2: 82.5 | I2: 2021 | J2: Kangasala | K2: Suorama | L2: fs3784 | M2: false | N2: https://d3ls91xgksobn.cloudfront.net/400x300/etuovimedia/images/property/import/818/2608818/0e76b9541118d347871c0e0e51d244c4/1a373497eae1485897c406bca4020db5/ORIGINAL.jpeg | O2: https://d3ls91xgksobn.cloudfront.net/1200x900/etuovimedia/images/property/import/818/2608818/0e76b9541118d347871c0e0e51d244c4/1a373497eae1485897c406bca4020db5/ORIGINAL.jpeg | R2: false | S2: false | T2: 61.4702 | U2: 2608818 | V2: https://www.etuovi.com/kohde/fs3784 | W2: 24.0108 | X2: 41378.85 | Y2: 41 378,85 € | AA2: Apartment (Kerrostalo) | AB2: RESIDENTIAL | AC2: 2026-06-10 | AD2: 4 | AE2: 4h + kt + s | AF2: 2026-06-10T14:04:21.678Z | AG2: Apartment (Kerrostalo) — 4h + kt + s — 82.5 m² — Suorama Kangasala | AI2: =IF(AE2="", "no info", IF(OR(ISNUMBER(SEARCH("kt", AE2)), ISNUMBER(SEARCH("avokeittiö", AE2))), "Open", IF(ISNUMBER(SEARCH("kk", AE2)), "Kitchenette", "Independent"))) -> Open | AJ2: =IF(AE2="", "no info", IF(OR(ISNUMBER(SEARCH(" s ", AE2)), ISNUMBER(SEARCH("sauna", AE2)), ISNUMBER(SEARCH("+ s", AE2))), "YES", "NO")) -> YES | AK2: =IF(AE2="", "no info", IF(OR(ISNUMBER(SEARCH("las.p", AE2)), ISNUMBER(SEARCH("lasitettu", AE2))), "Glazed Balcony", IF(OR(ISNUMBER(SEARCH(" p ", AE2)), ISNUMBER(SEARCH("parveke", AE2))), "Standard Balcony", IF(OR(ISNUMBER(SEARCH("terassi", AE2)), ISNUMBER(SEARCH("kuisti", AE2))), "Terrace", "None")))) -> None | AL2: =IF(AE2="", "no info", IF(OR(ISNUMBER(SEARCH("2wc", AE2)), ISNUMBER(SEARCH("2xwc", AE2))), "2 Toilets", "1 Toilet")) -> 1 Toilet | AM2: =IF(AE2="", "no info", IF(OR(ISNUMBER(SEARCH("vh", AE2)), ISNUMBER(SEARCH("var", AE2))), "YES", "NO")) -> NO | AN2: =VLOOKUP(J2, 'Regions and Cities'!A:B, 2, FALSE) -> Pirkanmaa
A3: Aapelinkatu 13 Matinkylä Espoo | B3: Aapelinkatu 13 | C3: Matinkylä Espoo | D3: 3439 | E3: Kiinteistömaailma Espoo Matinkylä, Kauppakeskus Iso Omena | Adream Espoon Kodit Oy | F3: http://www.kiinteistomaailma.fi/ | H3: 45 | I3: 1971 | J3: Espoo | K3: Matinkylä | L3: 67108371 | M3: false | N3: https://d3ls91xgksobn.cloudfront.net/400x300/etuovimedia/images/property/import/470/2608470/0e76b9541118d347871c0e0e51d244c4/3f8ec8cd2debccb65d2813f77dd59262/ORIGINAL.jpeg | O3: https://d3ls91xgksobn.cloudfront.net/1200x900/etuovimedia/images/property/import/470/2608470/0e76b9541118d347871c0e0e51d244c4/3f8ec8cd2debccb65d2813f77dd59262/ORIGINAL.jpeg | R3: false | S3: false | T3: 60.155131 | U3: 2608470 | V3: https://www.etuovi.com/kohde/67108371 | W3: 24.746499 | X3: 149000 | Y3: 149 000 € | AA3: Apartment (Kerrostalo) | AB3: RESIDENTIAL | AC3: 2026-06-09 | AD3: 2 | AE3: 2h + kk | AF3: 2026-06-10T14:04:45.807Z | AG3: Apartment (Kerrostalo) — 2h + kk — 45 m² — Matinkylä Espoo | AH3: 45 | AI3: =IF(AE3="", "no info", IF(OR(ISNUMBER(SEARCH("kt", AE3)), ISNUMBER(SEARCH("avokeittiö", AE3))), "Open", IF(ISNUMBER(SEARCH("kk", AE3)), "Kitchenette", "Independent"))) -> Kitchenette | AJ3: =IF(AE3="", "no info", IF(OR(ISNUMBER(SEARCH(" s ", AE3)), ISNUMBER(SEARCH("sauna", AE3)), ISNUMBER(SEARCH("+ s", AE3))), "YES", "NO")) -> NO | AK3: =IF(AE3="", "no info", IF(OR(ISNUMBER(SEARCH("las.p", AE3)), ISNUMBER(SEARCH("lasitettu", AE3))), "Glazed Balcony", IF(OR(ISNUMBER(SEARCH(" p ", AE3)), ISNUMBER(SEARCH("parveke", AE3))), "Standard Balcony", IF(OR(ISNUMBER(SEARCH("terassi", AE3)), ISNUMBER(SEARCH("kuisti", AE3))), "Terrace", "None")))) -> None | AL3: =IF(AE3="", "no info", IF(OR(ISNUMBER(SEARCH("2wc", AE3)), ISNUMBER(SEARCH("2xwc", AE3))), "2 Toilets", "1 Toilet")) -> 1 Toilet | AM3: =IF(AE3="", "no info", IF(OR(ISNUMBER(SEARCH("vh", AE3)), ISNUMBER(SEARCH("var", AE3))), "YES", "NO")) -> NO | AN3: =VLOOKUP(J3, 'Regions and Cities'!A:B, 2, FALSE) -> Uusimaa
A4: Ahjolankatu 26 Petsamo Riihimäki | B4: Ahjolankatu 26 | C4: Petsamo Riihimäki | D4: 4635 | E4: Aitoasunnot Riihimäki | Palhomaa Oy | F4: http://aitoasunnot.fi/ | G4: Marja Malin | H4: 195 | I4: 1967 | J4: Riihimäki | K4: Petsamo | L4: 49637842 | M4: false | N4: https://d3ls91xgksobn.cloudfront.net/400x300/etuovimedia/images/property/import/525/2609525/0e76b9541118d347871c0e0e51d244c4/225ba1e6287b98d7148a91db03dbdeb0/ORIGINAL.jpeg | O4: https://d3ls91xgksobn.cloudfront.net/1200x900/etuovimedia/images/property/import/525/2609525/0e76b9541118d347871c0e0e51d244c4/225ba1e6287b98d7148a91db03dbdeb0/ORIGINAL.jpeg | P4: https://d3ls91xgksobn.cloudfront.net/1200x900/etuovimedia/images/property/import/525/2609525/0e76b9541118d347871c0e0e51d244c4/85b93f049e4210f717499cc7f3c07577/ORIGINAL.jpeg | R4: false | S4: false | T4: 60.74955 | U4: 2609525 | V4: https://www.etuovi.com/kohde/49637842 | W4: 24.780109 | X4: 229000 | Y4: 229 000 € | AA4: Detached House (Omakotitalo) | AB4: RESIDENTIAL | AC4: 2026-06-10 | AD4: 5 | AE4: 5h + k ja 2h + k sekä autotalli ja katettu terassi. | AF4: 2026-06-10T14:03:16.072Z | AG4: Detached House (Omakotitalo) — 5h + k ja 2h + k sekä autotalli ja katettu terassi. — 195 m² — Petsamo Riihimäki | AH4: 287 | AI4: =IF(AE4="", "no info", IF(OR(ISNUMBER(SEARCH("kt", AE4)), ISNUMBER(SEARCH("avokeittiö", AE4))), "Open", IF(ISNUMBER(SEARCH("kk", AE4)), "Kitchenette", "Independent"))) -> Independent | AJ4: =IF(AE4="", "no info", IF(OR(ISNUMBER(SEARCH(" s ", AE4)), ISNUMBER(SEARCH("sauna", AE4)), ISNUMBER(SEARCH("+ s", AE4))), "YES", "NO")) -> NO | AK4: =IF(AE4="", "no info", IF(OR(ISNUMBER(SEARCH("las.p", AE4)), ISNUMBER(SEARCH("lasitettu", AE4))), "Glazed Balcony", IF(OR(ISNUMBER(SEARCH(" p ", AE4)), ISNUMBER(SEARCH("parveke", AE4))), "Standard Balcony", IF(OR(ISNUMBER(SEARCH("terassi", AE4)), ISNUMBER(SEARCH("kuisti", AE4))), "Terrace", "None")))) -> Terrace | AL4: =IF(AE4="", "no info", IF(OR(ISNUMBER(SEARCH("2wc", AE4)), ISNUMBER(SEARCH("2xwc", AE4))), "2 Toilets", "1 Toilet")) -> 1 Toilet | AM4: =IF(AE4="", "no info", IF(OR(ISNUMBER(SEARCH("vh", AE4)), ISNUMBER(SEARCH("var", AE4))), "YES", "NO")) -> NO | AN4: =VLOOKUP(J4, 'Regions and Cities'!A:B, 2, FALSE) -> Kanta-Häme
A5: Ahjotie 10 Lammi Hämeenlinna | B5: Ahjotie 10 | C5: Lammi Hämeenlinna | D5: 279 | E5: Hämeenlinnan Kotijoukkue Oy | F5: http://www.kotijoukkue.fi/ | H5: 130 | I5: 1990 | J5: Hämeenlinna | K5: Lammi | L5: 20730711 | M5: false | N5: https://d3ls91xgksobn.cloudfront.net/400x300/etuovimedia/images/property/import/605/2609605/0e76b9541118d347871c0e0e51d244c4/1078fbade922c3259017f0efe0d7aec1/ORIGINAL.jpeg | O5: https://d3ls91xgksobn.cloudfront.net/1200x900/etuovimedia/images/property/import/605/2609605/0e76b9541118d347871c0e0e51d244c4/1078fbade922c3259017f0efe0d7aec1/ORIGINAL.jpeg | R5: false | S5: false | T5: 61.072645 | U5: 2609605 | V5: https://www.etuovi.com/kohde/20730711 | W5: 25.000999 | X5: 159000 | Y5: 159 000 € | AA5: Detached House (Omakotitalo) | AB5: RESIDENTIAL | AC5: 2026-06-10 | AD5: 5 | AE5: 5H + K + PSH / WC + S + KHH + WC + VH + Ullakko + Kat.ter. + ET + Tuulik.Var. + AT | AF5: 2026-06-10T14:03:06.264Z | AG5: Detached House (Omakotitalo) — 5H + K + PSH / WC + S + KHH + WC + VH + Ullakko + Kat.ter. + ET + Tuulik.Var. + AT — 130 m² — Lammi Hämeenlinna | AH5: 175 | AI5: =IF(AE5="", "no info", IF(OR(ISNUMBER(SEARCH("kt", AE5)), ISNUMBER(SEARCH("avokeittiö", AE5))), "Open", IF(ISNUMBER(SEARCH("kk", AE5)), "Kitchenette", "Independent"))) -> Kitchenette | AJ5: =IF(AE5="", "no info", IF(OR(ISNUMBER(SEARCH(" s ", AE5)), ISNUMBER(SEARCH("sauna", AE5)), ISNUMBER(SEARCH("+ s", AE5))), "YES", "NO")) -> YES | AK5: =IF(AE5="", "no info", IF(OR(ISNUMBER(SEARCH("las.p", AE5)), ISNUMBER(SEARCH("lasitettu", AE5))), "Glazed Balcony", IF(OR(ISNUMBER(SEARCH(" p ", AE5)), ISNUMBER(SEARCH("parveke", AE5))), "Standard Balcony", IF(OR(ISNUMBER(SEARCH("terassi", AE5)), ISNUMBER(SEARCH("kuisti", AE5))), "Terrace", "None")))) -> None | AL5: =IF(AE5="", "no info", IF(OR(ISNUMBER(SEARCH("2wc", AE5)), ISNUMBER(SEARCH("2xwc", AE5))), "2 Toilets", "1 Toilet")) -> 1 Toilet | AM5: =IF(AE5="", "no info", IF(OR(ISNUMBER(SEARCH("vh", AE5)), ISNUMBER(SEARCH("var", AE5))), "YES", "NO")) -> YES | AN5: =VLOOKUP(J5, 'Regions and Cities'!A:B, 2, FALSE) -> Kanta-Häme
A6: Ahomansikantie 18 Rantakylä Joensuu | B6: Ahomansikantie 18 | C6: Rantakylä Joensuu | D6: 1082 | E6: Kiinteistömaailma Joensuu | Kotipysäkki Oy | F6: http://www.kiinteistomaailma.fi/ | G6: Niina Savolainen | H6: 128 | I6: 2007 | J6: Joensuu | K6: Rantakylä | L6: 66496812 | M6: false | N6: https://d3ls91xgksobn.cloudfront.net/400x300/etuovimedia/images/property/import/498/2609498/0e76b9541118d347871c0e0e51d244c4/e82c758566d25167ce5f17881eff588f/ORIGINAL.jpeg | O6: https://d3ls91xgksobn.cloudfront.net/1200x900/etuovimedia/images/property/import/498/2609498/0e76b9541118d347871c0e0e51d244c4/e82c758566d25167ce5f17881eff588f/ORIGINAL.jpeg | P6: https://d3ls91xgksobn.cloudfront.net/1200x900/etuovimedia/images/property/import/498/2609498/0e76b9541118d347871c0e0e51d244c4/b37d64f163dc9831ccb0ed8372db0974/ORIGINAL.jpeg | R6: false | S6: false | T6: 62.625845 | U6: 2609498 | V6: https://www.etuovi.com/kohde/66496812 | W6: 29.832986 | X6: 249000 | Y6: 249 000 € | AA6: Detached House (Omakotitalo) | AB6: RESIDENTIAL | AC6: 2026-06-10 | AD6: 4 | AE6: 4h, k, khh, kph, autokatos | AF6: 2026-06-10T14:03:19.416Z | AG6: Detached House (Omakotitalo) — 4h, k, khh, kph, autokatos — 128 m² — Rantakylä Joensuu | AH6: 163 | AI6: =IF(AE6="", "no info", IF(OR(ISNUMBER(SEARCH("kt", AE6)), ISNUMBER(SEARCH("avokeittiö", AE6))), "Open", IF(ISNUMBER(SEARCH("kk", AE6)), "Kitchenette", "Independent"))) -> Independent | AJ6: =IF(AE6="", "no info", IF(OR(ISNUMBER(SEARCH(" s ", AE6)), ISNUMBER(SEARCH("sauna", AE6)), ISNUMBER(SEARCH("+ s", AE6))), "YES", "NO")) -> NO | AK6: =IF(AE6="", "no info", IF(OR(ISNUMBER(SEARCH("las.p", AE6)), ISNUMBER(SEARCH("lasitettu", AE6))), "Glazed Balcony", IF(OR(ISNUMBER(SEARCH(" p ", AE6)), ISNUMBER(SEARCH("parveke", AE6))), "Standard Balcony", IF(OR(ISNUMBER(SEARCH("terassi", AE6)), ISNUMBER(SEARCH("kuisti", AE6))), "Terrace", "None")))) -> None | AL6: =IF(AE6="", "no info", IF(OR(ISNUMBER(SEARCH("2wc", AE6)), ISNUMBER(SEARCH("2xwc", AE6))), "2 Toilets", "1 Toilet")) -> 1 Toilet | AM6: =IF(AE6="", "no info", IF(OR(ISNUMBER(SEARCH("vh", AE6)), ISNUMBER(SEARCH("var", AE6))), "YES", "NO")) -> NO | AN6: =VLOOKUP(J6, 'Regions and Cities'!A:B, 2, FALSE) -> Pohjois-Karjala
A7: Ahorannantie 22 as Kellarpelto Savonlinna | B7: Ahorannantie 22 as | C7: Kellarpelto Savonlinna | D7: 3064 | E7: OP Koti Itä-Suomi Oy LKV, Savonlinna | F7: https://op-koti.fi?cmpid=.opkoti..huom.1.etuovi.banner.yrityslogo.ha_jn_opkoti_valitys | G7: Liisa Hiltunen | H7: 187 | I7: 1974 | J7: Savonlinna | K7: Kellarpelto | L7: 620840 | M7: false | N7: https://d3ls91xgksobn.cloudfront.net/400x300/etuovimedia/images/property/import/414/2608414/0e76b9541118d347871c0e0e51d244c4/bfb077e649a04d08c36930f071761110/ORIGINAL.jpeg | O7: https://d3ls91xgksobn.cloudfront.net/1200x900/etuovimedia/images/property/import/414/2608414/0e76b9541118d347871c0e0e51d244c4/bfb077e649a04d08c36930f071761110/ORIGINAL.jpeg | P7: https://d3ls91xgksobn.cloudfront.net/1200x900/etuovimedia/images/property/import/414/2608414/0e76b9541118d347871c0e0e51d244c4/088c851924db8ece2cd2f217bbb8dc4d/ORIGINAL.jpeg | R7: false | S7: false | T7: 61.885363 | U7: 2608414 | V7: https://www.etuovi.com/kohde/620840 | W7: 28.801368 | X7: 65000 | Y7: 65 000 € | AA7: Semi-detached (Paritalo) | AB7: RESIDENTIAL | AC7: 2026-06-09 | AD7: 3 | AE7: 3h, k, s | AF7: 2026-06-10T14:04:49.344Z | AG7: Semi-detached (Paritalo) — 3h, k, s — 187 m² — Kellarpelto Savonlinna | AH7: 187 | AI7: =IF(AE7="", "no info", IF(OR(ISNUMBER(SEARCH("kt", AE7)), ISNUMBER(SEARCH("avokeittiö", AE7))), "Open", IF(ISNUMBER(SEARCH("kk", AE7)), "Kitchenette", "Independent"))) -> Independent | AJ7: =IF(AE7="", "no info", IF(OR(ISNUMBER(SEARCH(" s ", AE7)), ISNUMBER(SEARCH("sauna", AE7)), ISNUMBER(SEARCH("+ s", AE7))), "YES", "NO")) -> NO | AK7: =IF(AE7="", "no info", IF(OR(ISNUMBER(SEARCH("las.p", AE7)), ISNUMBER(SEARCH("lasitettu", AE7))), "Glazed Balcony", IF(OR(ISNUMBER(SEARCH(" p ", AE7)), ISNUMBER(SEARCH("parveke", AE7))), "Standard Balcony", IF(OR(ISNUMBER(SEARCH("terassi", AE7)), ISNUMBER(SEARCH("kuisti", AE7))), "Terrace", "None")))) -> None | AL7: =IF(AE7="", "no info", IF(OR(ISNUMBER(SEARCH("2wc", AE7)), ISNUMBER(SEARCH("2xwc", AE7))), "2 Toilets", "1 Toilet")) -> 1 Toilet | AM7: =IF(AE7="", "no info", IF(OR(ISNUMBER(SEARCH("vh", AE7)), ISNUMBER(SEARCH("var", AE7))), "YES", "NO")) -> NO | AN7: =VLOOKUP(J7, 'Regions and Cities'!A:B, 2, FALSE) -> Etelä-Savo
A8: Ähtäväntie 232 Ähtävä Pedersören kunta | B8: Ähtäväntie 232 | C8: Ähtävä Pedersören kunta | D8: 2028 | E8: Ab Mäklarbyrå J. Riska Meklaritoimisto Oy | F8: http://www.riska.fi | H8: 151 | I8: 1934 | J8: Esse | K8: Ähtävä Pedersören | L8: 21222446 | M8: false | N8: https://d3ls91xgksobn.cloudfront.net/400x300/etuovimedia/images/property/import/254/2609254/0e76b9541118d347871c0e0e51d244c4/54624629609f2d2fd26e79d944112a14/ORIGINAL.jpeg | O8: https://d3ls91xgksobn.cloudfront.net/1200x900/etuovimedia/images/property/import/254/2609254/0e76b9541118d347871c0e0e51d244c4/54624629609f2d2fd26e79d944112a14/ORIGINAL.jpeg | R8: false | S8: false | T8: 63.584459 | U8: 2609254 | V8: https://www.etuovi.com/kohde/21222446 | W8: 23.088831 | X8: 85000 | Y8: 85 000 € | AA8: Detached House (Omakotitalo) | AB8: RESIDENTIAL | AC8: 2026-06-10 | AD8: 5+ | AE8: 7-8 h + k + kph + wc + kellari | AF8: 2026-06-10T14:03:40.851Z | AG8: Detached House (Omakotitalo) — 7-8 h + k + kph + wc + kellari — 151 m² — Ähtävä Pedersören kunta | AH8: 200 | AI8: =IF(AE8="", "no info", IF(OR(ISNUMBER(SEARCH("kt", AE8)), ISNUMBER(SEARCH("avokeittiö", AE8))), "Open", IF(ISNUMBER(SEARCH("kk", AE8)), "Kitchenette", "Independent"))) -> Independent | AJ8: =IF(AE8="", "no info", IF(OR(ISNUMBER(SEARCH(" s ", AE8)), ISNUMBER(SEARCH("sauna", AE8)), ISNUMBER(SEARCH("+ s", AE8))), "YES", "NO")) -> NO | AK8: =IF(AE8="", "no info", IF(OR(ISNUMBER(SEARCH("las.p", AE8)), ISNUMBER(SEARCH("lasitettu", AE8))), "Glazed Balcony", IF(OR(ISNUMBER(SEARCH(" p ", AE8)), ISNUMBER(SEARCH("parveke", AE8))), "Standard Balcony", IF(OR(ISNUMBER(SEARCH("terassi", AE8)), ISNUMBER(SEARCH("kuisti", AE8))), "Terrace", "None")))) -> None | AL8: =IF(AE8="", "no info", IF(OR(ISNUMBER(SEARCH("2wc", AE8)), ISNUMBER(SEARCH("2xwc", AE8))), "2 Toilets", "1 Toilet")) -> 1 Toilet | AM8: =IF(AE8="", "no info", IF(OR(ISNUMBER(SEARCH("vh", AE8)), ISNUMBER(SEARCH("var", AE8))), "YES", "NO")) -> NO | AN8: =VLOOKUP(J8, 'Regions and Cities'!A:B, 2, FALSE) -> Pohjanmaa
A9: Ahvenkoskentie 15 Ahvenkoski Loviisa | B9: Ahvenkoskentie 15 | C9: Ahvenkoski Loviisa | D9: 215 | E9: Aktia Kiinteistönvälitys Oy, Loviisa, Aktia Fastighetsförmedling Ab, Lovisa | F9: https://www.aktialkv.fi/ | H9: 110 | I9: 1950 | J9: Loviisa | K9: Ahvenkoski | L9: 21556033 | M9: false | N9: https://d3ls91xgksobn.cloudfront.net/400x300/etuovimedia/images/property/import/406/2609406/0e76b9541118d347871c0e0e51d244c4/457639f0183e2dc91228b1bffae69529/ORIGINAL.jpeg | O9: https://d3ls91xgksobn.cloudfront.net/1200x900/etuovimedia/images/property/import/406/2609406/0e76b9541118d347871c0e0e51d244c4/457639f0183e2dc91228b1bffae69529/ORIGINAL.jpeg | R9: false | S9: false | T9: 60.498602 | U9: 2609406 | V9: https://www.etuovi.com/kohde/21556033 | W9: 26.440602 | X9: 59000 | Y9: 59 000 € | AA9: Detached House (Omakotitalo) | AB9: RESIDENTIAL | AC9: 2026-06-10 | AD9: 4 | AE9: 4h + k + s | AF9: 2026-06-10T14:03:27.575Z | AG9: Detached House (Omakotitalo) — 4h + k + s — 110 m² — Ahvenkoski Loviisa | AH9: 136 | AI9: =IF(AE9="", "no info", IF(OR(ISNUMBER(SEARCH("kt", AE9)), ISNUMBER(SEARCH("avokeittiö", AE9))), "Open", IF(ISNUMBER(SEARCH("kk", AE9)), "Kitchenette", "Independent"))) -> Independent | AJ9: =IF(AE9="", "no info", IF(OR(ISNUMBER(SEARCH(" s ", AE9)), ISNUMBER(SEARCH("sauna", AE9)), ISNUMBER(SEARCH("+ s", AE9))), "YES", "NO")) -> YES | AK9: =IF(AE9="", "no info", IF(OR(ISNUMBER(SEARCH("las.p", AE9)), ISNUMBER(SEARCH("lasitettu", AE9))), "Glazed Balcony", IF(OR(ISNUMBER(SEARCH(" p ", AE9)), ISNUMBER(SEARCH("parveke", AE9))), "Standard Balcony", IF(OR(ISNUMBER(SEARCH("terassi", AE9)), ISNUMBER(SEARCH("kuisti", AE9))), "Terrace", "None")))) -> None | AL9: =IF(AE9="", "no info", IF(OR(ISNUMBER(SEARCH("2wc", AE9)), ISNUMBER(SEARCH("2xwc", AE9))), "2 Toilets", "1 Toilet")) -> 1 Toilet | AM9: =IF(AE9="", "no info", IF(OR(ISNUMBER(SEARCH("vh", AE9)), ISNUMBER(SEARCH("var", AE9))), "YES", "NO")) -> NO | AN9: =VLOOKUP(J9, 'Regions and Cities'!A:B, 2, FALSE) -> Uusimaa
A10: Ahventie 17 Pyykösjärvi Oulu | B10: Ahventie 17 | C10: Pyykösjärvi Oulu | D10: 2930 | E10: Toivo LKV Oy | H10: 112 | I10: 1970 | J10: Oulu | K10: Pyykösjärvi | L10: 21431769 | M10: false | N10: https://d3ls91xgksobn.cloudfront.net/400x300/etuovimedia/images/property/import/608/2609608/0e76b9541118d347871c0e0e51d244c4/e9db8d9d94d57edfbb9eb30d0a5262c9/ORIGINAL.jpeg | O10: https://d3ls91xgksobn.cloudfront.net/1200x900/etuovimedia/images/property/import/608/2609608/0e76b9541118d347871c0e0e51d244c4/e9db8d9d94d57edfbb9eb30d0a5262c9/ORIGINAL.jpeg | R10: false | S10: false | T10: 65.044659 | U10: 2609608 | V10: https://www.etuovi.com/kohde/21431769 | W10: 25.496587 | X10: 155000 | Y10: 155 000 € | AA10: Row House (Rivitalo) | AB10: RESIDENTIAL | AC10: 2026-06-10 | AD10: 5 | AE10: 5 h + k + kh + s | AF10: 2026-06-10T14:03:06.155Z | AG10: Row House (Rivitalo) — 5 h + k + kh + s — 112 m² — Pyykösjärvi Oulu | AH10: 112 | AI10: =IF(AE10="", "no info", IF(OR(ISNUMBER(SEARCH("kt", AE10)), ISNUMBER(SEARCH("avokeittiö", AE10))), "Open", IF(ISNUMBER(SEARCH("kk", AE10)), "Kitchenette", "Independent"))) -> Independent | AJ10: =IF(AE10="", "no info", IF(OR(ISNUMBER(SEARCH(" s ", AE10)), ISNUMBER(SEARCH("sauna", AE10)), ISNUMBER(SEARCH("+ s", AE10))), "YES", "NO")) -> YES | AK10: =IF(AE10="", "no info", IF(OR(ISNUMBER(SEARCH("las.p", AE10)), ISNUMBER(SEARCH("lasitettu", AE10))), "Glazed Balcony", IF(OR(ISNUMBER(SEARCH(" p ", AE10)), ISNUMBER(SEARCH("parveke", AE10))), "Standard Balcony", IF(OR(ISNUMBER(SEARCH("terassi", AE10)), ISNUMBER(SEARCH("kuisti", AE10))), "Terrace", "None")))) -> None | AL10: =IF(AE10="", "no info", IF(OR(ISNUMBER(SEARCH("2wc", AE10)), ISNUMBER(SEARCH("2xwc", AE10))), "2 Toilets", "1 Toilet")) -> 1 Toilet | AM10: =IF(AE10="", "no info", IF(OR(ISNUMBER(SEARCH("vh", AE10)), ISNUMBER(SEARCH("var", AE10))), "YES", "NO")) -> NO | AN10: =VLOOKUP(J10, 'Regions and Cities'!A:B, 2, FALSE) -> Pohjois-Pohjanmaa
A11: Ailakinkatu 18 A Tourula Jyväskylä | B11: Ailakinkatu 18 A | C11: Tourula Jyväskylä | D11: 4612 | E11: OP Koti Sisä-Suomi Oy LKV, Jyväskylä Taulumäki | F11: https://op-koti.fi?cmpid=.opkoti..huom.1.etuovi.banner.yrityslogo.ha_jn_opkoti_valitys | G11: Hannele Aro | H11: 85 | I11: 1990 | J11: Jyväskylä | K11: Tourula | L11: 620039 | M11: false | N11: https://d3ls91xgksobn.cloudfront.net/400x300/etuovimedia/images/property/import/645/2608645/0e76b9541118d347871c0e0e51d244c4/456071eb15334c702126b3804f88c0e8/ORIGINAL.jpeg | O11: https://d3ls91xgksobn.cloudfront.net/1200x900/etuovimedia/images/property/import/645/2608645/0e76b9541118d347871c0e0e51d244c4/456071eb15334c702126b3804f88c0e8/ORIGINAL.jpeg | P11: https://d3ls91xgksobn.cloudfront.net/1200x900/etuovimedia/images/property/import/645/2608645/0e76b9541118d347871c0e0e51d244c4/22b8656cf1a848930c072d1d5b37f669/ORIGINAL.jpeg | R11: false | S11: false | T11: 62.248954 | U11: 2608645 | V11: https://www.etuovi.com/kohde/620039 | W11: 25.755734 | X11: 165000 | Y11: 165 000 € | AA11: Apartment (Kerrostalo) | AB11: RESIDENTIAL | AC11: 2026-06-09 | AD11: 4 | AE11: 4h, k, kh, s, erill.wc, lasit.p. | AF11: 2026-06-10T14:04:28.478Z | AG11: Apartment (Kerrostalo) — 4h, k, kh, s, erill.wc, lasit.p. — 85 m² — Tourula Jyväskylä | AH11: 85 | AI11: =IF(AE11="", "no info", IF(OR(ISNUMBER(SEARCH("kt", AE11)), ISNUMBER(SEARCH("avokeittiö", AE11))), "Open", IF(ISNUMBER(SEARCH("kk", AE11)), "Kitchenette", "Independent"))) -> Independent | AJ11: =IF(AE11="", "no info", IF(OR(ISNUMBER(SEARCH(" s ", AE11)), ISNUMBER(SEARCH("sauna", AE11)), ISNUMBER(SEARCH("+ s", AE11))), "YES", "NO")) -> NO | AK11: =IF(AE11="", "no info", IF(OR(ISNUMBER(SEARCH("las.p", AE11)), ISNUMBER(SEARCH("lasitettu", AE11))), "Glazed Balcony", IF(OR(ISNUMBER(SEARCH(" p ", AE11)), ISNUMBER(SEARCH("parveke", AE11))), "Standard Balcony", IF(OR(ISNUMBER(SEARCH("terassi", AE11)), ISNUMBER(SEARCH("kuisti", AE11))), "Terrace", "None")))) -> None | AL11: =IF(AE11="", "no info", IF(OR(ISNUMBER(SEARCH("2wc", AE11)), ISNUMBER(SEARCH("2xwc", AE11))), "2 Toilets", "1 Toilet")) -> 1 Toilet | AM11: =IF(AE11="", "no info", IF(OR(ISNUMBER(SEARCH("vh", AE11)), ISNUMBER(SEARCH("var", AE11))), "YES", "NO")) -> NO | AN11: =VLOOKUP(J11, 'Regions and Cities'!A:B, 2, FALSE) -> Keski-Suomi
A12: Aittatie 6b Konala Helsinki | B12: Aittatie 6b | C12: Konala Helsinki | D12: 1202 | E12: Kiinteistömaailma Helsinki Kallio-Kalasatama | Kallion Kodit Oy | F12: http://www.kiinteistomaailma.fi/ | H12: 142 | I12: 2007 | J12: Helsinki | K12: Konala | L12: 62764927 | M12: false | N12: https://d3ls91xgksobn.cloudfront.net/400x300/etuovimedia/images/property/import/510/2608510/0e76b9541118d347871c0e0e51d244c4/5bede7d52b2398b74851d8eb54509731/ORIGINAL.jpeg | O12: https://d3ls91xgksobn.cloudfront.net/1200x900/etuovimedia/images/property/import/510/2608510/0e76b9541118d347871c0e0e51d244c4/5bede7d52b2398b74851d8eb54509731/ORIGINAL.jpeg | R12: false | S12: false | T12: 60.234647 | U12: 2608510 | V12: https://www.etuovi.com/kohde/62764927 | W12: 24.845282 | X12: 468000 | Y12: 468 000 € | AA12: Semi-detached (Paritalo) | AB12: RESIDENTIAL | AC12: 2026-06-09 | AD12: 5 | AE12: 5h, avok, 2xkph, s, khh | AF12: 2026-06-10T14:04:43.014Z | AG12: Semi-detached (Paritalo) — 5h, avok, 2xkph, s, khh — 142 m² — Konala Helsinki | AI12: =IF(AE12="", "no info", IF(OR(ISNUMBER(SEARCH("kt", AE12)), ISNUMBER(SEARCH("avokeittiö", AE12))), "Open", IF(ISNUMBER(SEARCH("kk", AE12)), "Kitchenette", "Independent"))) -> Independent | AJ12: =IF(AE12="", "no info", IF(OR(ISNUMBER(SEARCH(" s ", AE12)), ISNUMBER(SEARCH("sauna", AE12)), ISNUMBER(SEARCH("+ s", AE12))), "YES", "NO")) -> NO | AK12: =IF(AE12="", "no info", IF(OR(ISNUMBER(SEARCH("las.p", AE12)), ISNUMBER(SEARCH("lasitettu", AE12))), "Glazed Balcony", IF(OR(ISNUMBER(SEARCH(" p ", AE12)), ISNUMBER(SEARCH("parveke", AE12))), "Standard Balcony", IF(OR(ISNUMBER(SEARCH("terassi", AE12)), ISNUMBER(SEARCH("kuisti", AE12))), "Terrace", "None")))) -> None | AL12: =IF(AE12="", "no info", IF(OR(ISNUMBER(SEARCH("2wc", AE12)), ISNUMBER(SEARCH("2xwc", AE12))), "2 Toilets", "1 Toilet")) -> 1 Toilet | AM12: =IF(AE12="", "no info", IF(OR(ISNUMBER(SEARCH("vh", AE12)), ISNUMBER(SEARCH("var", AE12))), "YES", "NO")) -> NO | AN12: =VLOOKUP(J12, 'Regions and Cities'!A:B, 2, FALSE) -> Uusimaa
A13: Ajojahdintie 18 Lippajärvi Espoo | B13: Ajojahdintie 18 | C13: Lippajärvi Espoo | D13: 2017 | E13: House Company LKV Oy | H13: 80 | I13: 1976 | J13: Espoo | K13: Lippajärvi | L13: 20206332 | M13: false | N13: https://d3ls91xgksobn.cloudfront.net/400x300/etuovimedia/images/property/import/647/2608647/0e76b9541118d347871c0e0e51d244c4/1e68719dde7339ede693517f26e99ffb/ORIGINAL.jpeg | O13: https://d3ls91xgksobn.cloudfront.net/1200x900/etuovimedia/images/property/import/647/2608647/0e76b9541118d347871c0e0e51d244c4/1e68719dde7339ede693517f26e99ffb/ORIGINAL.jpeg | R13: false | S13: false | T13: 60.230597 | U13: 2608647 | V13: https://www.etuovi.com/kohde/20206332 | W13: 24.713928 | X13: 259000 | Y13: 259 000 € | AA13: Row House (Rivitalo) | AB13: RESIDENTIAL | AC13: 2026-06-09 | AD13: 3 | AE13: 3h + k + kph + s | AF13: 2026-06-10T14:04:28.451Z | AG13: Row House (Rivitalo) — 3h + k + kph + s — 80 m² — Lippajärvi Espoo | AH13: 80 | AI13: =IF(AE13="", "no info", IF(OR(ISNUMBER(SEARCH("kt", AE13)), ISNUMBER(SEARCH("avokeittiö", AE13))), "Open", IF(ISNUMBER(SEARCH("kk", AE13)), "Kitchenette", "Independent"))) -> Independent | AJ13: =IF(AE13="", "no info", IF(OR(ISNUMBER(SEARCH(" s ", AE13)), ISNUMBER(SEARCH("sauna", AE13)), ISNUMBER(SEARCH("+ s", AE13))), "YES", "NO")) -> YES | AK13: =IF(AE13="", "no info", IF(OR(ISNUMBER(SEARCH("las.p", AE13)), ISNUMBER(SEARCH("lasitettu", AE13))), "Glazed Balcony", IF(OR(ISNUMBER(SEARCH(" p ", AE13)), ISNUMBER(SEARCH("parveke", AE13))), "Standard Balcony", IF(OR(ISNUMBER(SEARCH("terassi", AE13)), ISNUMBER(SEARCH("kuisti", AE13))), "Terrace", "None")))) -> None | AL13: =IF(AE13="", "no info", IF(OR(ISNUMBER(SEARCH("2wc", AE13)), ISNUMBER(SEARCH("2xwc", AE13))), "2 Toilets", "1 Toilet")) -> 1 Toilet | AM13: =IF(AE13="", "no info", IF(OR(ISNUMBER(SEARCH("vh", AE13)), ISNUMBER(SEARCH("var", AE13))), "YES", "NO")) -> NO | AN13: =VLOOKUP(J13, 'Regions and Cities'!A:B, 2, FALSE) -> Uusimaa
A14: Ajurinkatu 4 B Kirjavatolppa Hyvinkää | B14: Ajurinkatu 4 B | C14: Kirjavatolppa Hyvinkää | D14: 83 | E14: Huoneistokeskus Hyvinkää | F14: https://www.huoneistokeskus.fi/ | H14: 42 | I14: 1971 | J14: Hyvinkää | K14: Kirjavatolppa | L14: 80505512 | M14: false | N14: https://d3ls91xgksobn.cloudfront.net/400x300/etuovimedia/images/property/import/539/2609539/0e76b9541118d347871c0e0e51d244c4/388d88b8f2d0b8749f032c021dd8647d/ORIGINAL.jpeg | O14: https://d3ls91xgksobn.cloudfront.net/1200x900/etuovimedia/images/property/import/539/2609539/0e76b9541118d347871c0e0e51d244c4/388d88b8f2d0b8749f032c021dd8647d/ORIGINAL.jpeg | R14: false | S14: false | T14: 60.62213 | U14: 2609539 | V14: https://www.etuovi.com/kohde/80505512 | W14: 24.84667 | X14: 58000 | Y14: 58 000 € | AA14: Apartment (Kerrostalo) | AB14: RESIDENTIAL | AC14: 2026-06-10 | AD14: 1 | AE14: 1h, k | AF14: 2026-06-10T14:03:15.750Z | AG14: Apartment (Kerrostalo) — 1h, k — 42 m² — Kirjavatolppa Hyvinkää | AH14: 42 | AI14: =IF(AE14="", "no info", IF(OR(ISNUMBER(SEARCH("kt", AE14)), ISNUMBER(SEARCH("avokeittiö", AE14))), "Open", IF(ISNUMBER(SEARCH("kk", AE14)), "Kitchenette", "Independent"))) -> Independent | AJ14: =IF(AE14="", "no info", IF(OR(ISNUMBER(SEARCH(" s ", AE14)), ISNUMBER(SEARCH("sauna", AE14)), ISNUMBER(SEARCH("+ s", AE14))), "YES", "NO")) -> NO | AK14: =IF(AE14="", "no info", IF(OR(ISNUMBER(SEARCH("las.p", AE14)), ISNUMBER(SEARCH("lasitettu", AE14))), "Glazed Balcony", IF(OR(ISNUMBER(SEARCH(" p ", AE14)), ISNUMBER(SEARCH("parveke", AE14))), "Standard Balcony", IF(OR(ISNUMBER(SEARCH("terassi", AE14)), ISNUMBER(SEARCH("kuisti", AE14))), "Terrace", "None")))) -> None | AL14: =IF(AE14="", "no info", IF(OR(ISNUMBER(SEARCH("2wc", AE14)), ISNUMBER(SEARCH("2xwc", AE14))), "2 Toilets", "1 Toilet")) -> 1 Toilet | AM14: =IF(AE14="", "no info", IF(OR(ISNUMBER(SEARCH("vh", AE14)), ISNUMBER(SEARCH("var", AE14))), "YES", "NO")) -> NO | AN14: =VLOOKUP(J14, 'Regions and Cities'!A:B, 2, FALSE) -> Uusimaa
A15: Ajurintie 6 as Taatila Lieto | B15: Ajurintie 6 as | C15: Taatila Lieto | D15: 641 | E15: REMAX OmaanKotiin | Kiinteistönvälitys OmaanKotiin Oy LKV | F15: https://www.remax.fi/ | G15: Milla Survo | H15: 54 | I15: 2016 | J15: Lieto | K15: Taatila | L15: 80508573 | M15: false | N15: https://d3ls91xgksobn.cloudfront.net/400x300/etuovimedia/images/property/import/701/2608701/0e76b9541118d347871c0e0e51d244c4/fe9c8c1477876f0daf67a32f564e633b/ORIGINAL.jpeg | O15: https://d3ls91xgksobn.cloudfront.net/1200x900/etuovimedia/images/property/import/701/2608701/0e76b9541118d347871c0e0e51d244c4/fe9c8c1477876f0daf67a32f564e633b/ORIGINAL.jpeg | P15: https://d3ls91xgksobn.cloudfront.net/1200x900/etuovimedia/images/property/import/701/2608701/0e76b9541118d347871c0e0e51d244c4/cc1921326ca404d303742167e78fc336/ORIGINAL.jpeg | R15: false | S15: false | T15: 60.50166 | U15: 2608701 | V15: https://www.etuovi.com/kohde/80508573 | W15: 22.46126 | X15: 179000 | Y15: 179 000 € | AA15: Apartment (Kerrostalo) | AB15: RESIDENTIAL | AC15: 2026-06-09 | AD15: 2 | AE15: 2h + k + s + vh + lasitettu parveke | AF15: 2026-06-10T14:04:25.183Z | AG15: Apartment (Kerrostalo) — 2h + k + s + vh + lasitettu parveke — 54 m² — Taatila Lieto | AH15: 54 | AI15: =IF(AE15="", "no info", IF(OR(ISNUMBER(SEARCH("kt", AE15)), ISNUMBER(SEARCH("avokeittiö", AE15))), "Open", IF(ISNUMBER(SEARCH("kk", AE15)), "Kitchenette", "Independent"))) -> Independent | AJ15: =IF(AE15="", "no info", IF(OR(ISNUMBER(SEARCH(" s ", AE15)), ISNUMBER(SEARCH("sauna", AE15)), ISNUMBER(SEARCH("+ s", AE15))), "YES", "NO")) -> YES | AK15: =IF(AE15="", "no info", IF(OR(ISNUMBER(SEARCH("las.p", AE15)), ISNUMBER(SEARCH("lasitettu", AE15))), "Glazed Balcony", IF(OR(ISNUMBER(SEARCH(" p ", AE15)), ISNUMBER(SEARCH("parveke", AE15))), "Standard Balcony", IF(OR(ISNUMBER(SEARCH("terassi", AE15)), ISNUMBER(SEARCH("kuisti", AE15))), "Terrace", "None")))) -> Glazed Balcony | AL15: =IF(AE15="", "no info", IF(OR(ISNUMBER(SEARCH("2wc", AE15)), ISNUMBER(SEARCH("2xwc", AE15))), "2 Toilets", "1 Toilet")) -> 1 Toilet | AM15: =IF(AE15="", "no info", IF(OR(ISNUMBER(SEARCH("vh", AE15)), ISNUMBER(SEARCH("var", AE15))), "YES", "NO")) -> YES | AN15: =VLOOKUP(J15, 'Regions and Cities'!A:B, 2, FALSE) -> Varsinais-Suomi
A16: Alakatu 10 Hamina Ii | B16: Alakatu 10 | C16: Hamina Ii | D16: 3164 | E16: OP Koti Pohjoinen Oy LKV, Oulu | F16: https://op-koti.fi?cmpid=.opkoti..huom.1.etuovi.banner.yrityslogo.ha_jn_opkoti_valitys | G16: Oskari Rounaja | H16: 114.1 | I16: 1920 | J16: Ii | K16: Hamina | L16: 617232 | M16: false | N16: https://d3ls91xgksobn.cloudfront.net/400x300/etuovimedia/images/property/import/758/2543758/0e76b9541118d347871c0e0e51d244c4/772f36060c196fd7ca70bf82c4176fce/ORIGINAL.jpeg | O16: https://d3ls91xgksobn.cloudfront.net/1200x900/etuovimedia/images/property/import/758/2543758/0e76b9541118d347871c0e0e51d244c4/772f36060c196fd7ca70bf82c4176fce/ORIGINAL.jpeg | P16: https://d3ls91xgksobn.cloudfront.net/1200x900/etuovimedia/images/property/import/758/2543758/0e76b9541118d347871c0e0e51d244c4/cddc35b76175bf913a70f7dd51545e67/ORIGINAL.jpeg | Q16: https://d3ls91xgksobn.cloudfront.net/1200x900/etuovimedia/images/property/import/758/2543758/0e76b9541118d347871c0e0e51d244c4/def1795c731487039f28085c36afcbf9/ORIGINAL.jpeg | R16: false | S16: false | T16: 65.325361 | U16: 2543758 | V16: https://www.etuovi.com/kohde/617232 | W16: 25.370548 | X16: 168000 | Y16: 168 000 € | AA16: Detached House (Omakotitalo) | AB16: RESIDENTIAL | AC16: 2026-04-17 | AD16: 4 | AE16: 4h, k, kph, s, wc | AF16: 2026-06-10T14:04:07.182Z | AG16: Detached House (Omakotitalo) — 4h, k, kph, s, wc — 114.1 m² — Hamina Ii | AH16: 125 | AI16: =IF(AE16="", "no info", IF(OR(ISNUMBER(SEARCH("kt", AE16)), ISNUMBER(SEARCH("avokeittiö", AE16))), "Open", IF(ISNUMBER(SEARCH("kk", AE16)), "Kitchenette", "Independent"))) -> Independent | AJ16: =IF(AE16="", "no info", IF(OR(ISNUMBER(SEARCH(" s ", AE16)), ISNUMBER(SEARCH("sauna", AE16)), ISNUMBER(SEARCH("+ s", AE16))), "YES", "NO")) -> NO | AK16: =IF(AE16="", "no info", IF(OR(ISNUMBER(SEARCH("las.p", AE16)), ISNUMBER(SEARCH("lasitettu", AE16))), "Glazed Balcony", IF(OR(ISNUMBER(SEARCH(" p ", AE16)), ISNUMBER(SEARCH("parveke", AE16))), "Standard Balcony", IF(OR(ISNUMBER(SEARCH("terassi", AE16)), ISNUMBER(SEARCH("kuisti", AE16))), "Terrace", "None")))) -> None | AL16: =IF(AE16="", "no info", IF(OR(ISNUMBER(SEARCH("2wc", AE16)), ISNUMBER(SEARCH("2xwc", AE16))), "2 Toilets", "1 Toilet")) -> 1 Toilet | AM16: =IF(AE16="", "no info", IF(OR(ISNUMBER(SEARCH("vh", AE16)), ISNUMBER(SEARCH("var", AE16))), "YES", "NO")) -> NO | AN16: =VLOOKUP(J16, 'Regions and Cities'!A:B, 2, FALSE) -> Pohjois-Pohjanmaa
A17: Alatie 11a Toijala Akaa | B17: Alatie 11a | C17: Toijala Akaa | D17: 3795 | E17: Strand Properties | Tuukka Hakkarainen LKV | F17: https://strandproperties.com/fi/strand-suomi/ | G17: Hakkarainen Tuukka | H17: 113 | I17: 2021 | J17: Akaa | K17: Toijala | L17: 21225556 | M17: false | N17: https://d3ls91xgksobn.cloudfront.net/400x300/etuovimedia/images/property/import/758/2571758/0e76b9541118d347871c0e0e51d244c4/f975a81a02b6cf80211dbc03fb2e826f/ORIGINAL.jpeg | O17: https://d3ls91xgksobn.cloudfront.net/1200x900/etuovimedia/images/property/import/758/2571758/0e76b9541118d347871c0e0e51d244c4/f975a81a02b6cf80211dbc03fb2e826f/ORIGINAL.jpeg | P17: https://d3ls91xgksobn.cloudfront.net/1200x900/etuovimedia/images/property/import/758/2571758/0e76b9541118d347871c0e0e51d244c4/31c24d825f232fbb6abb3581655bd331/ORIGINAL.jpeg | R17: false | S17: false | T17: 61.163482 | U17: 2571758 | V17: https://www.etuovi.com/kohde/21225556 | W17: 23.850696 | X17: 319000 | Y17: 319 000 € | AA17: Detached House (Omakotitalo) | AB17: RESIDENTIAL | AC17: 2026-05-09 | AD17: 5 | AE17: 4mh, oh, k, ph, s, khh, autokatos | AF17: 2026-06-10T14:03:46.761Z | AG17: Detached House (Omakotitalo) — 4mh, oh, k, ph, s, khh, autokatos — 113 m² — Toijala Akaa | AH17: 125 | AI17: =IF(AE17="", "no info", IF(OR(ISNUMBER(SEARCH("kt", AE17)), ISNUMBER(SEARCH("avokeittiö", AE17))), "Open", IF(ISNUMBER(SEARCH("kk", AE17)), "Kitchenette", "Independent"))) -> Independent | AJ17: =IF(AE17="", "no info", IF(OR(ISNUMBER(SEARCH(" s ", AE17)), ISNUMBER(SEARCH("sauna", AE17)), ISNUMBER(SEARCH("+ s", AE17))), "YES", "NO")) -> NO | AK17: =IF(AE17="", "no info", IF(OR(ISNUMBER(SEARCH("las.p", AE17)), ISNUMBER(SEARCH("lasitettu", AE17))), "Glazed Balcony", IF(OR(ISNUMBER(SEARCH(" p ", AE17)), ISNUMBER(SEARCH("parveke", AE17))), "Standard Balcony", IF(OR(ISNUMBER(SEARCH("terassi", AE17)), ISNUMBER(SEARCH("kuisti", AE17))), "Terrace", "None")))) -> None | AL17: =IF(AE17="", "no info", IF(OR(ISNUMBER(SEARCH("2wc", AE17)), ISNUMBER(SEARCH("2xwc", AE17))), "2 Toilets", "1 Toilet")) -> 1 Toilet | AM17: =IF(AE17="", "no info", IF(OR(ISNUMBER(SEARCH("vh", AE17)), ISNUMBER(SEARCH("var", AE17))), "YES", "NO")) -> NO | AN17: =VLOOKUP(J17, 'Regions and Cities'!A:B, 2, FALSE) -> Pirkanmaa
A18: Albertinkuja 20 B Keskusta Oulu | B18: Albertinkuja 20 B | C18: Keskusta Oulu | D18: 3164 | E18: OP Koti Pohjoinen Oy LKV, Oulu | F18: https://op-koti.fi?cmpid=.opkoti..huom.1.etuovi.banner.yrityslogo.ha_jn_opkoti_valitys | G18: Terhi Heikkilä | H18: 78 | I18: 2018 | J18: Oulu | K18: Keskusta | L18: 620395 | M18: false | N18: https://d3ls91xgksobn.cloudfront.net/400x300/etuovimedia/images/property/import/423/2609423/0e76b9541118d347871c0e0e51d244c4/826729b23683b38db480cdbcf7f0d2db/ORIGINAL.jpeg | O18: https://d3ls91xgksobn.cloudfront.net/1200x900/etuovimedia/images/property/import/423/2609423/0e76b9541118d347871c0e0e51d244c4/826729b23683b38db480cdbcf7f0d2db/ORIGINAL.jpeg | P18: https://d3ls91xgksobn.cloudfront.net/1200x900/etuovimedia/images/property/import/423/2609423/0e76b9541118d347871c0e0e51d244c4/967ca0fbd2ff5f51e0ffb7656a1a235c/ORIGINAL.jpeg | R18: false | S18: false | T18: 65.008583 | U18: 2609423 | V18: https://www.etuovi.com/kohde/620395 | W18: 25.472414 | X18: 393000 | Y18: 393 000 € | AA18: Apartment (Kerrostalo) | AB18: RESIDENTIAL | AC18: 2026-06-10 | AD18: 3 | AE18: 3h, k, ru, s | AF18: 2026-06-10T14:03:26.763Z | AG18: Apartment (Kerrostalo) — 3h, k, ru, s — 78 m² — Keskusta Oulu | AH18: 78 | AI18: =IF(AE18="", "no info", IF(OR(ISNUMBER(SEARCH("kt", AE18)), ISNUMBER(SEARCH("avokeittiö", AE18))), "Open", IF(ISNUMBER(SEARCH("kk", AE18)), "Kitchenette", "Independent"))) -> Independent | AJ18: =IF(AE18="", "no info", IF(OR(ISNUMBER(SEARCH(" s ", AE18)), ISNUMBER(SEARCH("sauna", AE18)), ISNUMBER(SEARCH("+ s", AE18))), "YES", "NO")) -> NO | AK18: =IF(AE18="", "no info", IF(OR(ISNUMBER(SEARCH("las.p", AE18)), ISNUMBER(SEARCH("lasitettu", AE18))), "Glazed Balcony", IF(OR(ISNUMBER(SEARCH(" p ", AE18)), ISNUMBER(SEARCH("parveke", AE18))), "Standard Balcony", IF(OR(ISNUMBER(SEARCH("terassi", AE18)), ISNUMBER(SEARCH("kuisti", AE18))), "Terrace", "None")))) -> None | AL18: =IF(AE18="", "no info", IF(OR(ISNUMBER(SEARCH("2wc", AE18)), ISNUMBER(SEARCH("2xwc", AE18))), "2 Toilets", "1 Toilet")) -> 1 Toilet | AM18: =IF(AE18="", "no info", IF(OR(ISNUMBER(SEARCH("vh", AE18)), ISNUMBER(SEARCH("var", AE18))), "YES", "NO")) -> NO | AN18: =VLOOKUP(J18, 'Regions and Cities'!A:B, 2, FALSE) -> Pohjois-Pohjanmaa
A19: Albininkatu 1 B Kärki Seinäjoki | B19: Albininkatu 1 B | C19: Kärki Seinäjoki | D19: 605 | E19: OP Koti Etelä-Pohjanmaa Oy LKV | F19: https://op-koti.fi?cmpid=.opkoti..huom.1.etuovi.banner.yrityslogo.ha_jn_opkoti_valitys | G19: Linda Mäkivirta-Valkama | H19: 63 | I19: 2015 | J19: Seinäjoki | K19: Kärki | L19: 614909 | M19: false | N19: https://d3ls91xgksobn.cloudfront.net/400x300/etuovimedia/images/property/import/516/2500516/0e76b9541118d347871c0e0e51d244c4/d7125741480f3cf6f79603e70085df86/ORIGINAL.jpeg | O19: https://d3ls91xgksobn.cloudfront.net/1200x900/etuovimedia/images/property/import/516/2500516/0e76b9541118d347871c0e0e51d244c4/d7125741480f3cf6f79603e70085df86/ORIGINAL.jpeg | P19: https://d3ls91xgksobn.cloudfront.net/1200x900/etuovimedia/images/property/import/516/2500516/0e76b9541118d347871c0e0e51d244c4/d6dcddeca2083483e6c5c15d5d3e2f52/ORIGINAL.jpeg | Q19: https://d3ls91xgksobn.cloudfront.net/1200x900/etuovimedia/images/property/import/516/2500516/0e76b9541118d347871c0e0e51d244c4/cc006dbdcd163b80f1849cbf6fd1dde6/ORIGINAL.jpeg | R19: false | S19: false | T19: 62.740527 | U19: 2500516 | V19: https://www.etuovi.com/kohde/614909 | W19: 22.871635 | X19: 160000 | Y19: 160 000 € | AA19: Row House (Rivitalo) | AB19: RESIDENTIAL | AC19: 2026-03-09 | AD19: 3 | AE19: 3h + k + s | AF19: 2026-06-10T14:03:17.202Z | AG19: Row House (Rivitalo) — 3h + k + s — 63 m² — Kärki Seinäjoki | AH19: 63 | AI19: =IF(AE19="", "no info", IF(OR(ISNUMBER(SEARCH("kt", AE19)), ISNUMBER(SEARCH("avokeittiö", AE19))), "Open", IF(ISNUMBER(SEARCH("kk", AE19)), "Kitchenette", "Independent"))) -> Independent | AJ19: =IF(AE19="", "no info", IF(OR(ISNUMBER(SEARCH(" s ", AE19)), ISNUMBER(SEARCH("sauna", AE19)), ISNUMBER(SEARCH("+ s", AE19))), "YES", "NO")) -> YES | AK19: =IF(AE19="", "no info", IF(OR(ISNUMBER(SEARCH("las.p", AE19)), ISNUMBER(SEARCH("lasitettu", AE19))), "Glazed Balcony", IF(OR(ISNUMBER(SEARCH(" p ", AE19)), ISNUMBER(SEARCH("parveke", AE19))), "Standard Balcony", IF(OR(ISNUMBER(SEARCH("terassi", AE19)), ISNUMBER(SEARCH("kuisti", AE19))), "Terrace", "None")))) -> None | AL19: =IF(AE19="", "no info", IF(OR(ISNUMBER(SEARCH("2wc", AE19)), ISNUMBER(SEARCH("2xwc", AE19))), "2 Toilets", "1 Toilet")) -> 1 Toilet | AM19: =IF(AE19="", "no info", IF(OR(ISNUMBER(SEARCH("vh", AE19)), ISNUMBER(SEARCH("var", AE19))), "YES", "NO")) -> NO | AN19: =VLOOKUP(J19, 'Regions and Cities'!A:B, 2, FALSE) -> Etelä-Pohjanmaa
A20: Aleksinpolku 6 A 34 Länsiranta Porvoo | B20: Aleksinpolku 6 A 34 | C20: Länsiranta Porvoo | D20: 3592 | E20: Blok | Magenta Homes Oy | H20: 50 | I20: 2021 | J20: Porvoo | K20: Länsiranta | L20: fd8923 | M20: false | N20: https://d3ls91xgksobn.cloudfront.net/400x300/etuovimedia/images/property/import/547/2565547/0e76b9541118d347871c0e0e51d244c4/52a0603a391251990661160ed50bcdb3/ORIGINAL.jpeg | O20: https://d3ls91xgksobn.cloudfront.net/1200x900/etuovimedia/images/property/import/547/2565547/0e76b9541118d347871c0e0e51d244c4/52a0603a391251990661160ed50bcdb3/ORIGINAL.jpeg | R20: false | S20: false | T20: 60.38948 | U20: 2565547 | V20: https://www.etuovi.com/kohde/fd8923 | W20: 25.65754 | X20: 209000 | Y20: 209 000 € | AA20: Apartment (Kerrostalo) | AB20: RESIDENTIAL | AC20: 2026-05-05 | AD20: 2 | AE20: 2h + avok + kph + s + las.parv | AF20: 2026-06-10T14:04:10.751Z | AG20: Apartment (Kerrostalo) — 2h + avok + kph + s + las.parv — 50 m² — Länsiranta Porvoo | AH20: 50 | AI20: =IF(AE20="", "no info", IF(OR(ISNUMBER(SEARCH("kt", AE20)), ISNUMBER(SEARCH("avokeittiö", AE20))), "Open", IF(ISNUMBER(SEARCH("kk", AE20)), "Kitchenette", "Independent"))) -> Independent | AJ20: =IF(AE20="", "no info", IF(OR(ISNUMBER(SEARCH(" s ", AE20)), ISNUMBER(SEARCH("sauna", AE20)), ISNUMBER(SEARCH("+ s", AE20))), "YES", "NO")) -> YES | AK20: =IF(AE20="", "no info", IF(OR(ISNUMBER(SEARCH("las.p", AE20)), ISNUMBER(SEARCH("lasitettu", AE20))), "Glazed Balcony", IF(OR(ISNUMBER(SEARCH(" p ", AE20)), ISNUMBER(SEARCH("parveke", AE20))), "Standard Balcony", IF(OR(ISNUMBER(SEARCH("terassi", AE20)), ISNUMBER(SEARCH("kuisti", AE20))), "Terrace", "None")))) -> Glazed Balcony | AL20: =IF(AE20="", "no info", IF(OR(ISNUMBER(SEARCH("2wc", AE20)), ISNUMBER(SEARCH("2xwc", AE20))), "2 Toilets", "1 Toilet")) -> 1 Toilet | AM20: =IF(AE20="", "no info", IF(OR(ISNUMBER(SEARCH("vh", AE20)), ISNUMBER(SEARCH("var", AE20))), "YES", "NO")) -> NO | AN20: =VLOOKUP(J20, 'Regions and Cities'!A:B, 2, FALSE) -> Uusimaa
A21: Aleksintie 1 As Kärsämäki | B21: Aleksintie 1 As | C21: Kärsämäki | D21: 982 | E21: Kiinteistönvälitys Keidas LKV Oy / Nivala | F21: http://www.kiinteistokeidas.fi/ | H21: 65 | J21: Kärsämäki | L21: 80509181 | M21: false | N21: https://d3ls91xgksobn.cloudfront.net/400x300/etuovimedia/images/property/import/533/2608533/0e76b9541118d347871c0e0e51d244c4/7fdee3d0ba3d50f677fb5bf338e77104/ORIGINAL.jpeg | O21: https://d3ls91xgksobn.cloudfront.net/1200x900/etuovimedia/images/property/import/533/2608533/0e76b9541118d347871c0e0e51d244c4/7fdee3d0ba3d50f677fb5bf338e77104/ORIGINAL.jpeg | R21: false | S21: false | T21: 63.98062 | U21: 2608533 | V21: https://www.etuovi.com/kohde/80509181 | W21: 25.76058 | X21: 16000 | Y21: 16 000 € | AA21: Apartment (Kerrostalo) | AB21: RESIDENTIAL | AC21: 2026-06-09 | AD21: 2 | AE21: Oh + k + mh + ph + s + et + tk + vh | AF21: 2026-06-10T14:04:41.950Z | AG21: Apartment (Kerrostalo) — Oh + k + mh + ph + s + et + tk + vh — 65 m² — Kärsämäki | AH21: 65 | AI21: =IF(AE21="", "no info", IF(OR(ISNUMBER(SEARCH("kt", AE21)), ISNUMBER(SEARCH("avokeittiö", AE21))), "Open", IF(ISNUMBER(SEARCH("kk", AE21)), "Kitchenette", "Independent"))) -> Independent | AJ21: =IF(AE21="", "no info", IF(OR(ISNUMBER(SEARCH(" s ", AE21)), ISNUMBER(SEARCH("sauna", AE21)), ISNUMBER(SEARCH("+ s", AE21))), "YES", "NO")) -> YES | AK21: =IF(AE21="", "no info", IF(OR(ISNUMBER(SEARCH("las.p", AE21)), ISNUMBER(SEARCH("lasitettu", AE21))), "Glazed Balcony", IF(OR(ISNUMBER(SEARCH(" p ", AE21)), ISNUMBER(SEARCH("parveke", AE21))), "Standard Balcony", IF(OR(ISNUMBER(SEARCH("terassi", AE21)), ISNUMBER(SEARCH("kuisti", AE21))), "Terrace", "None")))) -> None | AL21: =IF(AE21="", "no info", IF(OR(ISNUMBER(SEARCH("2wc", AE21)), ISNUMBER(SEARCH("2xwc", AE21))), "2 Toilets", "1 Toilet")) -> 1 Toilet | AM21: =IF(AE21="", "no info", IF(OR(ISNUMBER(SEARCH("vh", AE21)), ISNUMBER(SEARCH("var", AE21))), "YES", "NO")) -> YES | AN21: =VLOOKUP(J21, 'Regions and Cities'!A:B, 2, FALSE) -> Pohjois-Pohjanmaa
A22: Alhonkatu 21 B Rauhala Kotka | B22: Alhonkatu 21 B | C22: Rauhala Kotka | D22: 3293 | E22: Aitoa LKV | Aitoa välittämistä Oy | F22: http://www.aitoalkv.fi/ | H22: 85 | I22: 1994 | J22: Kotka | K22: Rauhala | L22: 80514044 | M22: false | N22: https://d3ls91xgksobn.cloudfront.net/400x300/etuovimedia/images/property/import/957/2608957/0e76b9541118d347871c0e0e51d244c4/cb3a9e708d03525f3ee97b9aaa2fea15/ORIGINAL.jpeg | O22: https://d3ls91xgksobn.cloudfront.net/1200x900/etuovimedia/images/property/import/957/2608957/0e76b9541118d347871c0e0e51d244c4/cb3a9e708d03525f3ee97b9aaa2fea15/ORIGINAL.jpeg | R22: false | S22: false | T22: 60.513 | U22: 2608957 | V22: https://www.etuovi.com/kohde/80514044 | W22: 26.95546 | X22: 145000 | Y22: 145 000 € | AA22: Semi-detached (Paritalo) | AB22: RESIDENTIAL | AC22: 2026-06-10 | AD22: 4 | AE22: 4h + k + kph + s + khh + ak + varasto + piha + patio | AF22: 2026-06-10T14:04:07.751Z | AG22: Semi-detached (Paritalo) — 4h + k + kph + s + khh + ak + varasto + piha + patio — 85 m² — Rauhala Kotka | AH22: 85 | AI22: =IF(AE22="", "no info", IF(OR(ISNUMBER(SEARCH("kt", AE22)), ISNUMBER(SEARCH("avokeittiö", AE22))), "Open", IF(ISNUMBER(SEARCH("kk", AE22)), "Kitchenette", "Independent"))) -> Independent | AJ22: =IF(AE22="", "no info", IF(OR(ISNUMBER(SEARCH(" s ", AE22)), ISNUMBER(SEARCH("sauna", AE22)), ISNUMBER(SEARCH("+ s", AE22))), "YES", "NO")) -> YES | AK22: =IF(AE22="", "no info", IF(OR(ISNUMBER(SEARCH("las.p", AE22)), ISNUMBER(SEARCH("lasitettu", AE22))), "Glazed Balcony", IF(OR(ISNUMBER(SEARCH(" p ", AE22)), ISNUMBER(SEARCH("parveke", AE22))), "Standard Balcony", IF(OR(ISNUMBER(SEARCH("terassi", AE22)), ISNUMBER(SEARCH("kuisti", AE22))), "Terrace", "None")))) -> None | AL22: =IF(AE22="", "no info", IF(OR(ISNUMBER(SEARCH("2wc", AE22)), ISNUMBER(SEARCH("2xwc", AE22))), "2 Toilets", "1 Toilet")) -> 1 Toilet | AM22: =IF(AE22="", "no info", IF(OR(ISNUMBER(SEARCH("vh", AE22)), ISNUMBER(SEARCH("var", AE22))), "YES", "NO")) -> YES | AN22: =VLOOKUP(J22, 'Regions and Cities'!A:B, 2, FALSE) -> Kymenlaakso
A23: Alikyläntie 85 Ruosniemi Pori | B23: Alikyläntie 85 | C23: Ruosniemi Pori | D23: 3836 | E23: Tilanne LKV | Lännen Kiinteistönvälitys Oy | F23: https://www.tilannelkv.fi/ | G23: Ville Kippasto | H23: 106 | I23: 2024 | J23: Pori | K23: Ruosniemi | L23: 55774473 | M23: false | N23: https://d3ls91xgksobn.cloudfront.net/400x300/etuovimedia/images/property/import/557/2608557/0e76b9541118d347871c0e0e51d244c4/1c967f7c9fab3b069107b9368c2eac41/ORIGINAL.jpeg | O23: https://d3ls91xgksobn.cloudfront.net/1200x900/etuovimedia/images/property/import/557/2608557/0e76b9541118d347871c0e0e51d244c4/1c967f7c9fab3b069107b9368c2eac41/ORIGINAL.jpeg | P23: https://d3ls91xgksobn.cloudfront.net/1200x900/etuovimedia/images/property/import/557/2608557/0e76b9541118d347871c0e0e51d244c4/46a292b69e36d2e8f6257785f77e7b8d/ORIGINAL.jpeg | R23: true | S23: false | T23: 61.518953 | U23: 2608557 | V23: https://www.etuovi.com/kohde/55774473 | W23: 21.840223 | X23: 289000 | Y23: 289 000 € | AA23: Detached House (Omakotitalo) | AB23: RESIDENTIAL | AC23: 2026-06-09 | AD23: 4 | AE23: 4h, tupak, kph, s, khh, wc, vh, terassi, var, ak | AF23: 2026-06-10T14:04:35.464Z | AG23: Detached House (Omakotitalo) — 4h, tupak, kph, s, khh, wc, vh, terassi, var, ak — 106 m² — Ruosniemi Pori | AH23: 135 | AI23: =IF(AE23="", "no info", IF(OR(ISNUMBER(SEARCH("kt", AE23)), ISNUMBER(SEARCH("avokeittiö", AE23))), "Open", IF(ISNUMBER(SEARCH("kk", AE23)), "Kitchenette", "Independent"))) -> Independent | AJ23: =IF(AE23="", "no info", IF(OR(ISNUMBER(SEARCH(" s ", AE23)), ISNUMBER(SEARCH("sauna", AE23)), ISNUMBER(SEARCH("+ s", AE23))), "YES", "NO")) -> NO | AK23: =IF(AE23="", "no info", IF(OR(ISNUMBER(SEARCH("las.p", AE23)), ISNUMBER(SEARCH("lasitettu", AE23))), "Glazed Balcony", IF(OR(ISNUMBER(SEARCH(" p ", AE23)), ISNUMBER(SEARCH("parveke", AE23))), "Standard Balcony", IF(OR(ISNUMBER(SEARCH("terassi", AE23)), ISNUMBER(SEARCH("kuisti", AE23))), "Terrace", "None")))) -> Terrace | AL23: =IF(AE23="", "no info", IF(OR(ISNUMBER(SEARCH("2wc", AE23)), ISNUMBER(SEARCH("2xwc", AE23))), "2 Toilets", "1 Toilet")) -> 1 Toilet | AM23: =IF(AE23="", "no info", IF(OR(ISNUMBER(SEARCH("vh", AE23)), ISNUMBER(SEARCH("var", AE23))), "YES", "NO")) -> YES | AN23: =VLOOKUP(J23, 'Regions and Cities'!A:B, 2, FALSE) -> Satakunta
A24: Alppijääkärintie 13 Petäjäkangas Kuusamo | B24: Alppijääkärintie 13 | C24: Petäjäkangas Kuusamo | D24: 789 | E24: Kiinteistönvälitys LKV Saaga Oy | F24: https://lkvsaaga.fi/ | H24: 136 | I24: 1984 | J24: Kuusamo | K24: Petäjäkangas | L24: 20017029 | M24: false | N24: https://d3ls91xgksobn.cloudfront.net/400x300/etuovimedia/images/property/import/234/2608234/0e76b9541118d347871c0e0e51d244c4/fdcdb00846fb1c082af3291203396db7/ORIGINAL.jpeg | O24: https://d3ls91xgksobn.cloudfront.net/1200x900/etuovimedia/images/property/import/234/2608234/0e76b9541118d347871c0e0e51d244c4/fdcdb00846fb1c082af3291203396db7/ORIGINAL.jpeg | R24: false | S24: false | T24: 65.992964 | U24: 2608234 | V24: https://www.etuovi.com/kohde/20017029 | W24: 29.175608 | X24: 139000 | Y24: 139 000 € | AA24: Detached House (Omakotitalo) | AB24: RESIDENTIAL | AC24: 2026-06-09 | AD24: 5 | AE24: 5h + khh + k + s | AF24: 2026-06-10T14:05:05.749Z | AG24: Detached House (Omakotitalo) — 5h + khh + k + s — 136 m² — Petäjäkangas Kuusamo | AH24: 183 | AI24: =IF(AE24="", "no info", IF(OR(ISNUMBER(SEARCH("kt", AE24)), ISNUMBER(SEARCH("avokeittiö", AE24))), "Open", IF(ISNUMBER(SEARCH("kk", AE24)), "Kitchenette", "Independent"))) -> Independent | AJ24: =IF(AE24="", "no info", IF(OR(ISNUMBER(SEARCH(" s ", AE24)), ISNUMBER(SEARCH("sauna", AE24)), ISNUMBER(SEARCH("+ s", AE24))), "YES", "NO")) -> YES | AK24: =IF(AE24="", "no info", IF(OR(ISNUMBER(SEARCH("las.p", AE24)), ISNUMBER(SEARCH("lasitettu", AE24))), "Glazed Balcony", IF(OR(ISNUMBER(SEARCH(" p ", AE24)), ISNUMBER(SEARCH("parveke", AE24))), "Standard Balcony", IF(OR(ISNUMBER(SEARCH("terassi", AE24)), ISNUMBER(SEARCH("kuisti", AE24))), "Terrace", "None")))) -> None | AL24: =IF(AE24="", "no info", IF(OR(ISNUMBER(SEARCH("2wc", AE24)), ISNUMBER(SEARCH("2xwc", AE24))), "2 Toilets", "1 Toilet")) -> 1 Toilet | AM24: =IF(AE24="", "no info", IF(OR(ISNUMBER(SEARCH("vh", AE24)), ISNUMBER(SEARCH("var", AE24))), "YES", "NO")) -> NO | AN24: =VLOOKUP(J24, 'Regions and Cities'!A:B, 2, FALSE) -> Pohjois-Pohjanmaa
A25: Amiraalinkatu 4a Reposaari Pori | B25: Amiraalinkatu 4a | C25: Reposaari Pori | D25: 407 | E25: OP Koti Länsi-Suomi Oy, Pori | F25: https://op-koti.fi?cmpid=.opkoti..huom.1.etuovi.banner.yrityslogo.ha_jn_opkoti_valitys | G25: Miia Kivero | H25: 82 | I25: 1931 | J25: Pori | K25: Reposaari | L25: 620681 | M25: false | N25: https://d3ls91xgksobn.cloudfront.net/400x300/etuovimedia/images/property/import/413/2608413/0e76b9541118d347871c0e0e51d244c4/a2b17448658ca43c737c6b526c0e8a0e/ORIGINAL.jpeg | O25: https://d3ls91xgksobn.cloudfront.net/1200x900/etuovimedia/images/property/import/413/2608413/0e76b9541118d347871c0e0e51d244c4/a2b17448658ca43c737c6b526c0e8a0e/ORIGINAL.jpeg | P25: https://d3ls91xgksobn.cloudfront.net/1200x900/etuovimedia/images/property/import/413/2608413/0e76b9541118d347871c0e0e51d244c4/9b135a7eeba9e75683d300e717b21e61/ORIGINAL.jpeg | Q25: https://d3ls91xgksobn.cloudfront.net/1200x900/etuovimedia/images/property/import/413/2608413/0e76b9541118d347871c0e0e51d244c4/843d399b789684250b9a688d9624e6c7/ORIGINAL.jpeg | R25: false | S25: false | T25: 61.611383 | U25: 2608413 | V25: https://www.etuovi.com/kohde/620681 | W25: 21.446838 | X25: 125000 | Y25: 125 000 € | AA25: Detached House (Omakotitalo) | AB25: RESIDENTIAL | AC25: 2026-06-09 | AD25: 4 | AE25: 4h + k + s | AF25: 2026-06-10T14:04:49.372Z | AG25: Detached House (Omakotitalo) — 4h + k + s — 82 m² — Reposaari Pori | AH25: 82 | AI25: =IF(AE25="", "no info", IF(OR(ISNUMBER(SEARCH("kt", AE25)), ISNUMBER(SEARCH("avokeittiö", AE25))), "Open", IF(ISNUMBER(SEARCH("kk", AE25)), "Kitchenette", "Independent"))) -> Independent | AJ25: =IF(AE25="", "no info", IF(OR(ISNUMBER(SEARCH(" s ", AE25)), ISNUMBER(SEARCH("sauna", AE25)), ISNUMBER(SEARCH("+ s", AE25))), "YES", "NO")) -> YES | AK25: =IF(AE25="", "no info", IF(OR(ISNUMBER(SEARCH("las.p", AE25)), ISNUMBER(SEARCH("lasitettu", AE25))), "Glazed Balcony", IF(OR(ISNUMBER(SEARCH(" p ", AE25)), ISNUMBER(SEARCH("parveke", AE25))), "Standard Balcony", IF(OR(ISNUMBER(SEARCH("terassi", AE25)), ISNUMBER(SEARCH("kuisti", AE25))), "Terrace", "None")))) -> None | AL25: =IF(AE25="", "no info", IF(OR(ISNUMBER(SEARCH("2wc", AE25)), ISNUMBER(SEARCH("2xwc", AE25))), "2 Toilets", "1 Toilet")) -> 1 Toilet | AM25: =IF(AE25="", "no info", IF(OR(ISNUMBER(SEARCH("vh", AE25)), ISNUMBER(SEARCH("var", AE25))), "YES", "NO")) -> NO | AN25: =VLOOKUP(J25, 'Regions and Cities'!A:B, 2, FALSE) -> Satakunta
A26: Anna-kustaavantie 23 Itä-Karttula Kuopio | B26: Anna-kustaavantie 23 | C26: Itä-Karttula Kuopio | D26: 1705 | E26: Sp-Koti | Kallaveden Kiinteistöasiantuntijat Oy LKV | F26: http://www.sp-koti.fi/ | H26: 118.5 | I26: 1988 | J26: Kuopio | K26: Itä-Karttula | L26: 80513599 | M26: false | N26: https://d3ls91xgksobn.cloudfront.net/400x300/etuovimedia/images/property/import/934/2608934/0e76b9541118d347871c0e0e51d244c4/2ae92459ef42c5e5be9b72c3521f38c4/ORIGINAL.jpeg | O26: https://d3ls91xgksobn.cloudfront.net/1200x900/etuovimedia/images/property/import/934/2608934/0e76b9541118d347871c0e0e51d244c4/2ae92459ef42c5e5be9b72c3521f38c4/ORIGINAL.jpeg | R26: false | S26: false | T26: 62.93626 | U26: 2608934 | V26: https://www.etuovi.com/kohde/80513599 | W26: 27.1364 | X26: 79000 | Y26: 79 000 € | AA26: Detached House (Omakotitalo) | AB26: RESIDENTIAL | AC26: 2026-06-10 | AD26: 5 | AE26: 5h, k, kh, s | AF26: 2026-06-10T14:04:10.186Z | AG26: Detached House (Omakotitalo) — 5h, k, kh, s — 118.5 m² — Itä-Karttula Kuopio | AH26: 136 | AI26: =IF(AE26="", "no info", IF(OR(ISNUMBER(SEARCH("kt", AE26)), ISNUMBER(SEARCH("avokeittiö", AE26))), "Open", IF(ISNUMBER(SEARCH("kk", AE26)), "Kitchenette", "Independent"))) -> Independent | AJ26: =IF(AE26="", "no info", IF(OR(ISNUMBER(SEARCH(" s ", AE26)), ISNUMBER(SEARCH("sauna", AE26)), ISNUMBER(SEARCH("+ s", AE26))), "YES", "NO")) -> NO | AK26: =IF(AE26="", "no info", IF(OR(ISNUMBER(SEARCH("las.p", AE26)), ISNUMBER(SEARCH("lasitettu", AE26))), "Glazed Balcony", IF(OR(ISNUMBER(SEARCH(" p ", AE26)), ISNUMBER(SEARCH("parveke", AE26))), "Standard Balcony", IF(OR(ISNUMBER(SEARCH("terassi", AE26)), ISNUMBER(SEARCH("kuisti", AE26))), "Terrace", "None")))) -> None | AL26: =IF(AE26="", "no info", IF(OR(ISNUMBER(SEARCH("2wc", AE26)), ISNUMBER(SEARCH("2xwc", AE26))), "2 Toilets", "1 Toilet")) -> 1 Toilet | AM26: =IF(AE26="", "no info", IF(OR(ISNUMBER(SEARCH("vh", AE26)), ISNUMBER(SEARCH("var", AE26))), "YES", "NO")) -> NO | AN26: =VLOOKUP(J26, 'Regions and Cities'!A:B, 2, FALSE) -> Pohjois-Savo
A27: Antinkatu 21 b B Keskusta Pori | B27: Antinkatu 21 b B | C27: Keskusta Pori | D27: 407 | E27: OP Koti Länsi-Suomi Oy, Pori | F27: https://op-koti.fi?cmpid=.opkoti..huom.1.etuovi.banner.yrityslogo.ha_jn_opkoti_valitys | G27: Jaana Aalto | H27: 38 | I27: 1969 | J27: Pori | K27: Keskusta | L27: 611929 | M27: false | N27: https://d3ls91xgksobn.cloudfront.net/400x300/etuovimedia/images/property/import/221/2447221/0e76b9541118d347871c0e0e51d244c4/95904620591a9d41523434536d99ce25/ORIGINAL.jpeg | O27: https://d3ls91xgksobn.cloudfront.net/1200x900/etuovimedia/images/property/import/221/2447221/0e76b9541118d347871c0e0e51d244c4/95904620591a9d41523434536d99ce25/ORIGINAL.jpeg | P27: https://d3ls91xgksobn.cloudfront.net/1200x900/etuovimedia/images/property/import/221/2447221/0e76b9541118d347871c0e0e51d244c4/ce09df90c15d5d8156bf875a8eda7f5b/ORIGINAL.jpeg | R27: false | S27: false | T27: 61.489532 | U27: 2447221 | V27: https://www.etuovi.com/kohde/611929 | W27: 21.797196 | X27: 59000 | Y27: 59 000 € | AA27: Apartment (Kerrostalo) | AB27: RESIDENTIAL | AC27: 2026-01-16 | AD27: 2 | AE27: 2h, kk, kph, vh | AF27: 2026-06-10T14:03:05.691Z | AG27: Apartment (Kerrostalo) — 2h, kk, kph, vh — 38 m² — Keskusta Pori | AH27: 38 | AI27: =IF(AE27="", "no info", IF(OR(ISNUMBER(SEARCH("kt", AE27)), ISNUMBER(SEARCH("avokeittiö", AE27))), "Open", IF(ISNUMBER(SEARCH("kk", AE27)), "Kitchenette", "Independent"))) -> Kitchenette | AJ27: =IF(AE27="", "no info", IF(OR(ISNUMBER(SEARCH(" s ", AE27)), ISNUMBER(SEARCH("sauna", AE27)), ISNUMBER(SEARCH("+ s", AE27))), "YES", "NO")) -> NO | AK27: =IF(AE27="", "no info", IF(OR(ISNUMBER(SEARCH("las.p", AE27)), ISNUMBER(SEARCH("lasitettu", AE27))), "Glazed Balcony", IF(OR(ISNUMBER(SEARCH(" p ", AE27)), ISNUMBER(SEARCH("parveke", AE27))), "Standard Balcony", IF(OR(ISNUMBER(SEARCH("terassi", AE27)), ISNUMBER(SEARCH("kuisti", AE27))), "Terrace", "None")))) -> None | AL27: =IF(AE27="", "no info", IF(OR(ISNUMBER(SEARCH("2wc", AE27)), ISNUMBER(SEARCH("2xwc", AE27))), "2 Toilets", "1 Toilet")) -> 1 Toilet | AM27: =IF(AE27="", "no info", IF(OR(ISNUMBER(SEARCH("vh", AE27)), ISNUMBER(SEARCH("var", AE27))), "YES", "NO")) -> YES | AN27: =VLOOKUP(J27, 'Regions and Cities'!A:B, 2, FALSE) -> Satakunta
A28: Arhotie 8 a Vartiokylä Helsinki | B28: Arhotie 8 a | C28: Vartiokylä Helsinki | D28: 2274 | E28: Bo LKV Helsinki, Ullanlinna | F28: https://bo.fi/myymassa/ | G28: Roslöf Ronny | H28: 94 | I28: 1953 | J28: Helsinki | K28: Vartiokylä | L28: 20135747 | M28: false | N28: https://d3ls91xgksobn.cloudfront.net/400x300/etuovimedia/images/property/import/866/2608866/0e76b9541118d347871c0e0e51d244c4/507eeb11c350ca7bf99a38ce79225c24/ORIGINAL.jpeg | O28: https://d3ls91xgksobn.cloudfront.net/1200x900/etuovimedia/images/property/import/866/2608866/0e76b9541118d347871c0e0e51d244c4/507eeb11c350ca7bf99a38ce79225c24/ORIGINAL.jpeg | P28: https://d3ls91xgksobn.cloudfront.net/1200x900/etuovimedia/images/property/import/866/2608866/0e76b9541118d347871c0e0e51d244c4/9de82130a480445b9a701fe53995d32d/ORIGINAL.jpeg | R28: false | S28: false | T28: 60.216635 | U28: 2608866 | V28: https://www.etuovi.com/kohde/20135747 | W28: 25.089259 | X28: 369000 | Y28: 369 000 € | AA28: Detached House (Omakotitalo) | AB28: RESIDENTIAL | AC28: 2026-06-10 | AD28: 4 | AE28: 4h, k, kph, erill. wc, khh, at, terassi | AF28: 2026-06-10T14:04:13.609Z | AG28: Detached House (Omakotitalo) — 4h, k, kph, erill. wc, khh, at, terassi — 94 m² — Vartiokylä Helsinki | AH28: 160 | AI28: =IF(AE28="", "no info", IF(OR(ISNUMBER(SEARCH("kt", AE28)), ISNUMBER(SEARCH("avokeittiö", AE28))), "Open", IF(ISNUMBER(SEARCH("kk", AE28)), "Kitchenette", "Independent"))) -> Independent | AJ28: =IF(AE28="", "no info", IF(OR(ISNUMBER(SEARCH(" s ", AE28)), ISNUMBER(SEARCH("sauna", AE28)), ISNUMBER(SEARCH("+ s", AE28))), "YES", "NO")) -> NO | AK28: =IF(AE28="", "no info", IF(OR(ISNUMBER(SEARCH("las.p", AE28)), ISNUMBER(SEARCH("lasitettu", AE28))), "Glazed Balcony", IF(OR(ISNUMBER(SEARCH(" p ", AE28)), ISNUMBER(SEARCH("parveke", AE28))), "Standard Balcony", IF(OR(ISNUMBER(SEARCH("terassi", AE28)), ISNUMBER(SEARCH("kuisti", AE28))), "Terrace", "None")))) -> Terrace | AL28: =IF(AE28="", "no info", IF(OR(ISNUMBER(SEARCH("2wc", AE28)), ISNUMBER(SEARCH("2xwc", AE28))), "2 Toilets", "1 Toilet")) -> 1 Toilet | AM28: =IF(AE28="", "no info", IF(OR(ISNUMBER(SEARCH("vh", AE28)), ISNUMBER(SEARCH("var", AE28))), "YES", "NO")) -> NO | AN28: =VLOOKUP(J28, 'Regions and Cities'!A:B, 2, FALSE) -> Uusimaa
A29: Arjanpellontie 14 Koria Kouvola | B29: Arjanpellontie 14 | C29: Koria Kouvola | D29: 3331 | E29: Kiinteistömaailma Kouvola | SamKoti Oy | F29: http://www.kiinteistomaailma.fi/ | H29: 135 | I29: 2005 | J29: Kouvola | K29: Koria | L29: 68032319 | M29: false | N29: https://d3ls91xgksobn.cloudfront.net/400x300/etuovimedia/images/property/import/399/2609399/0e76b9541118d347871c0e0e51d244c4/808f78d8c6735d4442f8d131aee05027/ORIGINAL.jpeg | O29: https://d3ls91xgksobn.cloudfront.net/1200x900/etuovimedia/images/property/import/399/2609399/0e76b9541118d347871c0e0e51d244c4/808f78d8c6735d4442f8d131aee05027/ORIGINAL.jpeg | R29: false | S29: false | T29: 60.868595 | U29: 2609399 | V29: https://www.etuovi.com/kohde/68032319 | W29: 26.702902 | X29: 219000 | Y29: 219 000 € | AA29: Detached House (Omakotitalo) | AB29: RESIDENTIAL | AC29: 2026-06-10 | AD29: 5 | AE29: 5h, k, khh, kph, s, 2wc, autotalli, varasto | AF29: 2026-06-10T14:03:27.674Z | AG29: Detached House (Omakotitalo) — 5h, k, khh, kph, s, 2wc, autotalli, varasto — 135 m² — Koria Kouvola | AH29: 150 | AI29: =IF(AE29="", "no info", IF(OR(ISNUMBER(SEARCH("kt", AE29)), ISNUMBER(SEARCH("avokeittiö", AE29))), "Open", IF(ISNUMBER(SEARCH("kk", AE29)), "Kitchenette", "Independent"))) -> Independent | AJ29: =IF(AE29="", "no info", IF(OR(ISNUMBER(SEARCH(" s ", AE29)), ISNUMBER(SEARCH("sauna", AE29)), ISNUMBER(SEARCH("+ s", AE29))), "YES", "NO")) -> NO | AK29: =IF(AE29="", "no info", IF(OR(ISNUMBER(SEARCH("las.p", AE29)), ISNUMBER(SEARCH("lasitettu", AE29))), "Glazed Balcony", IF(OR(ISNUMBER(SEARCH(" p ", AE29)), ISNUMBER(SEARCH("parveke", AE29))), "Standard Balcony", IF(OR(ISNUMBER(SEARCH("terassi", AE29)), ISNUMBER(SEARCH("kuisti", AE29))), "Terrace", "None")))) -> None | AL29: =IF(AE29="", "no info", IF(OR(ISNUMBER(SEARCH("2wc", AE29)), ISNUMBER(SEARCH("2xwc", AE29))), "2 Toilets", "1 Toilet")) -> 2 Toilets | AM29: =IF(AE29="", "no info", IF(OR(ISNUMBER(SEARCH("vh", AE29)), ISNUMBER(SEARCH("var", AE29))), "YES", "NO")) -> YES | AN29: =VLOOKUP(J29, 'Regions and Cities'!A:B, 2, FALSE) -> Kymenlaakso
A30: Armilankatu 31b Peltola Lappeenranta | B30: Armilankatu 31b | C30: Peltola Lappeenranta | D30: 3670 | E30: Luotto LKV Oy | F30: https://luotto-lkv.fi/ | H30: 36 | I30: 2002 | J30: Lappeenranta | K30: Peltola | L30: 53504357 | M30: false | N30: https://d3ls91xgksobn.cloudfront.net/400x300/etuovimedia/images/property/import/273/2608273/0e76b9541118d347871c0e0e51d244c4/a5f0098496a4617036a69dddd281902e/ORIGINAL.jpeg | O30: https://d3ls91xgksobn.cloudfront.net/1200x900/etuovimedia/images/property/import/273/2608273/0e76b9541118d347871c0e0e51d244c4/a5f0098496a4617036a69dddd281902e/ORIGINAL.jpeg | R30: false | S30: false | T30: 61.057252 | U30: 2608273 | V30: https://www.etuovi.com/kohde/53504357 | W30: 28.19978 | X30: 88000 | Y30: 88 000 € | AA30: Apartment (Kerrostalo) | AB30: RESIDENTIAL | AC30: 2026-06-09 | AD30: 1 | AE30: 1h, k, oh, kph / wc, s, huoneistopiha | AF30: 2026-06-10T14:05:02.596Z | AG30: Apartment (Kerrostalo) — 1h, k, oh, kph / wc, s, huoneistopiha — 36 m² — Peltola Lappeenranta | AH30: 36 | AI30: =IF(AE30="", "no info", IF(OR(ISNUMBER(SEARCH("kt", AE30)), ISNUMBER(SEARCH("avokeittiö", AE30))), "Open", IF(ISNUMBER(SEARCH("kk", AE30)), "Kitchenette", "Independent"))) -> Independent | AJ30: =IF(AE30="", "no info", IF(OR(ISNUMBER(SEARCH(" s ", AE30)), ISNUMBER(SEARCH("sauna", AE30)), ISNUMBER(SEARCH("+ s", AE30))), "YES", "NO")) -> NO | AK30: =IF(AE30="", "no info", IF(OR(ISNUMBER(SEARCH("las.p", AE30)), ISNUMBER(SEARCH("lasitettu", AE30))), "Glazed Balcony", IF(OR(ISNUMBER(SEARCH(" p ", AE30)), ISNUMBER(SEARCH("parveke", AE30))), "Standard Balcony", IF(OR(ISNUMBER(SEARCH("terassi", AE30)), ISNUMBER(SEARCH("kuisti", AE30))), "Terrace", "None")))) -> None | AL30: =IF(AE30="", "no info", IF(OR(ISNUMBER(SEARCH("2wc", AE30)), ISNUMBER(SEARCH("2xwc", AE30))), "2 Toilets", "1 Toilet")) -> 1 Toilet | AM30: =IF(AE30="", "no info", IF(OR(ISNUMBER(SEARCH("vh", AE30)), ISNUMBER(SEARCH("var", AE30))), "YES", "NO")) -> NO | AN30: =VLOOKUP(J30, 'Regions and Cities'!A:B, 2, FALSE) -> Etelä-Karjala
A31: Arrankatu 4 Asemantaka Nokia | B31: Arrankatu 4 | C31: Asemantaka Nokia | D31: 709 | E31: Tampereen Arvohuoneistot Oy | F31: http://www.arvohuoneistot.fi/ | H31: 85 | I31: 2025 | J31: Nokia | K31: Asemantaka | L31: 80514564 | M31: false | N31: https://d3ls91xgksobn.cloudfront.net/400x300/etuovimedia/images/property/import/442/2609442/0e76b9541118d347871c0e0e51d244c4/4d6c63cc78b9db9c8a58668f5b035484/ORIGINAL.jpeg | O31: https://d3ls91xgksobn.cloudfront.net/1200x900/etuovimedia/images/property/import/442/2609442/0e76b9541118d347871c0e0e51d244c4/4d6c63cc78b9db9c8a58668f5b035484/ORIGINAL.jpeg | R31: false | S31: false | T31: 61.48467 | U31: 2609442 | V31: https://www.etuovi.com/kohde/80514564 | W31: 23.49472 | X31: 310000 | Y31: 310 000 € | AA31: Detached House (Omakotitalo) | AB31: RESIDENTIAL | AC31: 2026-06-10 | AD31: 4 | AE31: 2mh, tupakeittiö, liukulasiseinäinen työhuone, pesuhuone / wc, sauna, erillinen wc, vh, terassi, ulkovarasto | AF31: 2026-06-10T14:03:23.107Z | AG31: Detached House (Omakotitalo) — 2mh, tupakeittiö, liukulasiseinäinen työhuone, pesuhuone / wc, sauna, erillinen wc, vh, terassi, ulkovarasto — 85 m² — Asemantaka Nokia | AH31: 85 | AI31: =IF(AE31="", "no info", IF(OR(ISNUMBER(SEARCH("kt", AE31)), ISNUMBER(SEARCH("avokeittiö", AE31))), "Open", IF(ISNUMBER(SEARCH("kk", AE31)), "Kitchenette", "Independent"))) -> Independent | AJ31: =IF(AE31="", "no info", IF(OR(ISNUMBER(SEARCH(" s ", AE31)), ISNUMBER(SEARCH("sauna", AE31)), ISNUMBER(SEARCH("+ s", AE31))), "YES", "NO")) -> YES | AK31: =IF(AE31="", "no info", IF(OR(ISNUMBER(SEARCH("las.p", AE31)), ISNUMBER(SEARCH("lasitettu", AE31))), "Glazed Balcony", IF(OR(ISNUMBER(SEARCH(" p ", AE31)), ISNUMBER(SEARCH("parveke", AE31))), "Standard Balcony", IF(OR(ISNUMBER(SEARCH("terassi", AE31)), ISNUMBER(SEARCH("kuisti", AE31))), "Terrace", "None")))) -> Terrace | AL31: =IF(AE31="", "no info", IF(OR(ISNUMBER(SEARCH("2wc", AE31)), ISNUMBER(SEARCH("2xwc", AE31))), "2 Toilets", "1 Toilet")) -> 1 Toilet | AM31: =IF(AE31="", "no info", IF(OR(ISNUMBER(SEARCH("vh", AE31)), ISNUMBER(SEARCH("var", AE31))), "YES", "NO")) -> YES | AN31: =VLOOKUP(J31, 'Regions and Cities'!A:B, 2, FALSE) -> Pirkanmaa
A32: Arvi Kariston katu 1 A Keskusta Hämeenlinna | B32: Arvi Kariston katu 1 A | C32: Keskusta Hämeenlinna | D32: 104 | E32: Huoneistokeskus Hämeenlinna | F32: https://www.huoneistokeskus.fi/ | H32: 131 | I32: 1980 | J32: Hämeenlinna | K32: Keskusta | L32: 80514182 | M32: false | N32: https://d3ls91xgksobn.cloudfront.net/400x300/etuovimedia/images/property/import/46/2609046/0e76b9541118d347871c0e0e51d244c4/0761909cfb5a33a8fe3b42139e9e935c/ORIGINAL.jpeg | O32: https://d3ls91xgksobn.cloudfront.net/1200x900/etuovimedia/images/property/import/46/2609046/0e76b9541118d347871c0e0e51d244c4/0761909cfb5a33a8fe3b42139e9e935c/ORIGINAL.jpeg | R32: false | S32: false | T32: 60.99564 | U32: 2609046 | V32: https://www.etuovi.com/kohde/80514182 | W32: 24.47194 | X32: 319000 | Y32: 319 000 € | AA32: Apartment (Kerrostalo) | AB32: RESIDENTIAL | AC32: 2026-06-10 | AD32: 4 | AE32: 4h + k + s | AF32: 2026-06-10T14:04:01.625Z | AG32: Apartment (Kerrostalo) — 4h + k + s — 131 m² — Keskusta Hämeenlinna | AH32: 131 | AI32: =IF(AE32="", "no info", IF(OR(ISNUMBER(SEARCH("kt", AE32)), ISNUMBER(SEARCH("avokeittiö", AE32))), "Open", IF(ISNUMBER(SEARCH("kk", AE32)), "Kitchenette", "Independent"))) -> Independent | AJ32: =IF(AE32="", "no info", IF(OR(ISNUMBER(SEARCH(" s ", AE32)), ISNUMBER(SEARCH("sauna", AE32)), ISNUMBER(SEARCH("+ s", AE32))), "YES", "NO")) -> YES | AK32: =IF(AE32="", "no info", IF(OR(ISNUMBER(SEARCH("las.p", AE32)), ISNUMBER(SEARCH("lasitettu", AE32))), "Glazed Balcony", IF(OR(ISNUMBER(SEARCH(" p ", AE32)), ISNUMBER(SEARCH("parveke", AE32))), "Standard Balcony", IF(OR(ISNUMBER(SEARCH("terassi", AE32)), ISNUMBER(SEARCH("kuisti", AE32))), "Terrace", "None")))) -> None | AL32: =IF(AE32="", "no info", IF(OR(ISNUMBER(SEARCH("2wc", AE32)), ISNUMBER(SEARCH("2xwc", AE32))), "2 Toilets", "1 Toilet")) -> 1 Toilet | AM32: =IF(AE32="", "no info", IF(OR(ISNUMBER(SEARCH("vh", AE32)), ISNUMBER(SEARCH("var", AE32))), "YES", "NO")) -> NO | AN32: =VLOOKUP(J32, 'Regions and Cities'!A:B, 2, FALSE) -> Kanta-Häme
A33: Asemakuja 1 Tuuri Alavus | B33: Asemakuja 1 | C33: Tuuri Alavus | H33: 350 | I33: 1908 | J33: Alavus | K33: Tuuri | L33: v42397 | M33: false | N33: https://d3ls91xgksobn.cloudfront.net/400x300/etuovimedia/images/property/import/956/1812956/0e76b9541118d347871c0e0e51d244c4/b18f8f60467b8d72a6d4614ce034d745/ORIGINAL.jpeg | O33: https://d3ls91xgksobn.cloudfront.net/1200x900/etuovimedia/images/property/import/956/1812956/0e76b9541118d347871c0e0e51d244c4/b18f8f60467b8d72a6d4614ce034d745/ORIGINAL.jpeg | R33: false | S33: true | T33: 62.603759 | U33: 1812956 | V33: https://www.etuovi.com/kohde/v42397 | W33: 23.734626 | X33: 360000 | Y33: 360 000 € | Z33: Ari Haukka | AA33: Detached House (Omakotitalo) | AB33: RESIDENTIAL | AC33: 2023-07-11 | AD33: 5+ | AE33: Junaasema ja kiinteistöt | AF33: 2026-06-10T14:03:40.795Z | AG33: Detached House (Omakotitalo) — Junaasema ja kiinteistöt — 350 m² — Tuuri Alavus | AH33: 600 | AI33: =IF(AE33="", "no info", IF(OR(ISNUMBER(SEARCH("kt", AE33)), ISNUMBER(SEARCH("avokeittiö", AE33))), "Open", IF(ISNUMBER(SEARCH("kk", AE33)), "Kitchenette", "Independent"))) -> Independent | AJ33: =IF(AE33="", "no info", IF(OR(ISNUMBER(SEARCH(" s ", AE33)), ISNUMBER(SEARCH("sauna", AE33)), ISNUMBER(SEARCH("+ s", AE33))), "YES", "NO")) -> NO | AK33: =IF(AE33="", "no info", IF(OR(ISNUMBER(SEARCH("las.p", AE33)), ISNUMBER(SEARCH("lasitettu", AE33))), "Glazed Balcony", IF(OR(ISNUMBER(SEARCH(" p ", AE33)), ISNUMBER(SEARCH("parveke", AE33))), "Standard Balcony", IF(OR(ISNUMBER(SEARCH("terassi", AE33)), ISNUMBER(SEARCH("kuisti", AE33))), "Terrace", "None")))) -> None | AL33: =IF(AE33="", "no info", IF(OR(ISNUMBER(SEARCH("2wc", AE33)), ISNUMBER(SEARCH("2xwc", AE33))), "2 Toilets", "1 Toilet")) -> 1 Toilet | AM33: =IF(AE33="", "no info", IF(OR(ISNUMBER(SEARCH("vh", AE33)), ISNUMBER(SEARCH("var", AE33))), "YES", "NO")) -> NO | AN33: =VLOOKUP(J33, 'Regions and Cities'!A:B, 2, FALSE) -> Etelä-Pohjanmaa
A34: Asematie 6 Keskusta Siilinjärvi | B34: Asematie 6 | C34: Keskusta Siilinjärvi | D34: 863 | E34: TA-Asumisoikeus Oy | F34: http://www.ta.fi/ | H34: 52 | I34: 2016 | J34: Siilinjärvi | K34: Keskusta | L34: fs3786 | M34: false | N34: https://d3ls91xgksobn.cloudfront.net/400x300/etuovimedia/images/property/import/819/2608819/0e76b9541118d347871c0e0e51d244c4/e779e10a9c4ff08d3f3f94febe191596/ORIGINAL.jpeg | O34: https://d3ls91xgksobn.cloudfront.net/1200x900/etuovimedia/images/property/import/819/2608819/0e76b9541118d347871c0e0e51d244c4/e779e10a9c4ff08d3f3f94febe191596/ORIGINAL.jpeg | R34: false | S34: false | T34: 63.0764 | U34: 2608819 | V34: https://www.etuovi.com/kohde/fs3786 | W34: 27.6641 | X34: 28089.23 | Y34: 28 089,23 € | AA34: Apartment (Kerrostalo) | AB34: RESIDENTIAL | AC34: 2026-06-10 | AD34: 2 | AE34: 2h + kt + s | AF34: 2026-06-10T14:04:21.663Z | AG34: Apartment (Kerrostalo) — 2h + kt + s — 52 m² — Keskusta Siilinjärvi | AI34: =IF(AE34="", "no info", IF(OR(ISNUMBER(SEARCH("kt", AE34)), ISNUMBER(SEARCH("avokeittiö", AE34))), "Open", IF(ISNUMBER(SEARCH("kk", AE34)), "Kitchenette", "Independent"))) -> Open | AJ34: =IF(AE34="", "no info", IF(OR(ISNUMBER(SEARCH(" s ", AE34)), ISNUMBER(SEARCH("sauna", AE34)), ISNUMBER(SEARCH("+ s", AE34))), "YES", "NO")) -> YES | AK34: =IF(AE34="", "no info", IF(OR(ISNUMBER(SEARCH("las.p", AE34)), ISNUMBER(SEARCH("lasitettu", AE34))), "Glazed Balcony", IF(OR(ISNUMBER(SEARCH(" p ", AE34)), ISNUMBER(SEARCH("parveke", AE34))), "Standard Balcony", IF(OR(ISNUMBER(SEARCH("terassi", AE34)), ISNUMBER(SEARCH("kuisti", AE34))), "Terrace", "None")))) -> None | AL34: =IF(AE34="", "no info", IF(OR(ISNUMBER(SEARCH("2wc", AE34)), ISNUMBER(SEARCH("2xwc", AE34))), "2 Toilets", "1 Toilet")) -> 1 Toilet | AM34: =IF(AE34="", "no info", IF(OR(ISNUMBER(SEARCH("vh", AE34)), ISNUMBER(SEARCH("var", AE34))), "YES", "NO")) -> NO | AN34: =VLOOKUP(J34, 'Regions and Cities'!A:B, 2, FALSE) -> Pohjois-Savo
A35: Aseveljenkatu 4 B Haapaniemi Kuopio | B35: Aseveljenkatu 4 B | C35: Haapaniemi Kuopio | D35: 589 | E35: OP Koti Itä-Suomi Oy LKV, Kuopio | F35: https://op-koti.fi?cmpid=.opkoti..huom.1.etuovi.banner.yrityslogo.ha_jn_opkoti_valitys | G35: Justus Malinen | H35: 33.5 | I35: 1982 | J35: Kuopio | K35: Haapaniemi | L35: 621043 | M35: false | N35: https://d3ls91xgksobn.cloudfront.net/400x300/etuovimedia/images/property/import/430/2609430/0e76b9541118d347871c0e0e51d244c4/96b5c4150bdc9541b85066c386f13024/ORIGINAL.jpeg | O35: https://d3ls91xgksobn.cloudfront.net/1200x900/etuovimedia/images/property/import/430/2609430/0e76b9541118d347871c0e0e51d244c4/96b5c4150bdc9541b85066c386f13024/ORIGINAL.jpeg | P35: https://d3ls91xgksobn.cloudfront.net/1200x900/etuovimedia/images/property/import/430/2609430/0e76b9541118d347871c0e0e51d244c4/8502dad8098d1d5bf79764bc83416d6e/ORIGINAL.jpeg | R35: false | S35: false | T35: 62.884383 | U35: 2609430 | V35: https://www.etuovi.com/kohde/621043 | W35: 27.667136 | X35: 82000 | Y35: 82 000 € | AA35: Apartment (Kerrostalo) | AB35: RESIDENTIAL | AC35: 2026-06-10 | AD35: 1 | AE35: 1h, kk, s | AF35: 2026-06-10T14:03:23.751Z | AG35: Apartment (Kerrostalo) — 1h, kk, s — 33.5 m² — Haapaniemi Kuopio | AH35: 33.5 | AI35: =IF(AE35="", "no info", IF(OR(ISNUMBER(SEARCH("kt", AE35)), ISNUMBER(SEARCH("avokeittiö", AE35))), "Open", IF(ISNUMBER(SEARCH("kk", AE35)), "Kitchenette", "Independent"))) -> Kitchenette | AJ35: =IF(AE35="", "no info", IF(OR(ISNUMBER(SEARCH(" s ", AE35)), ISNUMBER(SEARCH("sauna", AE35)), ISNUMBER(SEARCH("+ s", AE35))), "YES", "NO")) -> NO | AK35: =IF(AE35="", "no info", IF(OR(ISNUMBER(SEARCH("las.p", AE35)), ISNUMBER(SEARCH("lasitettu", AE35))), "Glazed Balcony", IF(OR(ISNUMBER(SEARCH(" p ", AE35)), ISNUMBER(SEARCH("parveke", AE35))), "Standard Balcony", IF(OR(ISNUMBER(SEARCH("terassi", AE35)), ISNUMBER(SEARCH("kuisti", AE35))), "Terrace", "None")))) -> None | AL35: =IF(AE35="", "no info", IF(OR(ISNUMBER(SEARCH("2wc", AE35)), ISNUMBER(SEARCH("2xwc", AE35))), "2 Toilets", "1 Toilet")) -> 1 Toilet | AM35: =IF(AE35="", "no info", IF(OR(ISNUMBER(SEARCH("vh", AE35)), ISNUMBER(SEARCH("var", AE35))), "YES", "NO")) -> NO | AN35: =VLOOKUP(J35, 'Regions and Cities'!A:B, 2, FALSE) -> Pohjois-Savo
A36: Aspitie 16 Sääksvuori Jyväskylä | B36: Aspitie 16 | C36: Sääksvuori Jyväskylä | D36: 1025 | E36: Kiinteistömaailma Jyväskylä Tourula | PR-Neliöt Oy | F36: http://www.kiinteistomaailma.fi/ | G36: Sanna Hotanen | H36: 121 | I36: 2010 | J36: Jyväskylä | K36: Sääksvuori | L36: 36223434 | M36: false | N36: https://d3ls91xgksobn.cloudfront.net/400x300/etuovimedia/images/property/import/490/2609490/0e76b9541118d347871c0e0e51d244c4/5d946c07dee813da065d8b04e5ee4c2c/ORIGINAL.jpeg | O36: https://d3ls91xgksobn.cloudfront.net/1200x900/etuovimedia/images/property/import/490/2609490/0e76b9541118d347871c0e0e51d244c4/5d946c07dee813da065d8b04e5ee4c2c/ORIGINAL.jpeg | P36: https://d3ls91xgksobn.cloudfront.net/1200x900/etuovimedia/images/property/import/490/2609490/0e76b9541118d347871c0e0e51d244c4/a43accd0558e2f9b7294746c5ee19e89/ORIGINAL.jpeg | R36: false | S36: false | T36: 62.176532 | U36: 2609490 | V36: https://www.etuovi.com/kohde/36223434 | W36: 25.715725 | X36: 279000 | Y36: 279 000 € | AA36: Detached House (Omakotitalo) | AB36: RESIDENTIAL | AC36: 2026-06-10 | AD36: 5 | AE36: 5h, k, s, kph, khh, vh, erill. wc | AF36: 2026-06-10T14:03:19.716Z | AG36: Detached House (Omakotitalo) — 5h, k, s, kph, khh, vh, erill. wc — 121 m² — Sääksvuori Jyväskylä | AH36: 136 | AI36: =IF(AE36="", "no info", IF(OR(ISNUMBER(SEARCH("kt", AE36)), ISNUMBER(SEARCH("avokeittiö", AE36))), "Open", IF(ISNUMBER(SEARCH("kk", AE36)), "Kitchenette", "Independent"))) -> Independent | AJ36: =IF(AE36="", "no info", IF(OR(ISNUMBER(SEARCH(" s ", AE36)), ISNUMBER(SEARCH("sauna", AE36)), ISNUMBER(SEARCH("+ s", AE36))), "YES", "NO")) -> NO | AK36: =IF(AE36="", "no info", IF(OR(ISNUMBER(SEARCH("las.p", AE36)), ISNUMBER(SEARCH("lasitettu", AE36))), "Glazed Balcony", IF(OR(ISNUMBER(SEARCH(" p ", AE36)), ISNUMBER(SEARCH("parveke", AE36))), "Standard Balcony", IF(OR(ISNUMBER(SEARCH("terassi", AE36)), ISNUMBER(SEARCH("kuisti", AE36))), "Terrace", "None")))) -> None | AL36: =IF(AE36="", "no info", IF(OR(ISNUMBER(SEARCH("2wc", AE36)), ISNUMBER(SEARCH("2xwc", AE36))), "2 Toilets", "1 Toilet")) -> 1 Toilet | AM36: =IF(AE36="", "no info", IF(OR(ISNUMBER(SEARCH("vh", AE36)), ISNUMBER(SEARCH("var", AE36))), "YES", "NO")) -> YES | AN36: =VLOOKUP(J36, 'Regions and Cities'!A:B, 2, FALSE) -> Keski-Suomi
A37: Aurinkorinteentie 2 Asuntila Ylöjärvi | B37: Aurinkorinteentie 2 | C37: Asuntila Ylöjärvi | D37: 817 | E37: Asuntopalvelu Peurala | Ylöjärven Asuntopalvelu Oy LKV | F37: https://www.asuntopalvelupeurala.fi/ | H37: 89 | I37: 2004 | J37: Ylöjärvi | K37: Asuntila | L37: 20399668 | M37: false | N37: https://d3ls91xgksobn.cloudfront.net/400x300/etuovimedia/images/property/import/927/2608927/0e76b9541118d347871c0e0e51d244c4/adebd2fe5a971243ea1a466ac0a091fb/ORIGINAL.jpeg | O37: https://d3ls91xgksobn.cloudfront.net/1200x900/etuovimedia/images/property/import/927/2608927/0e76b9541118d347871c0e0e51d244c4/adebd2fe5a971243ea1a466ac0a091fb/ORIGINAL.jpeg | R37: false | S37: false | T37: 61.577707 | U37: 2608927 | V37: https://www.etuovi.com/kohde/20399668 | W37: 23.627215 | X37: 185000 | Y37: 185 000 € | AA37: Row House (Rivitalo) | AB37: RESIDENTIAL | AC37: 2026-06-10 | AD37: 4 | AE37: 4h, k, s | AF37: 2026-06-10T14:04:10.432Z | AG37: Row House (Rivitalo) — 4h, k, s — 89 m² — Asuntila Ylöjärvi | AH37: 89 | AI37: =IF(AE37="", "no info", IF(OR(ISNUMBER(SEARCH("kt", AE37)), ISNUMBER(SEARCH("avokeittiö", AE37))), "Open", IF(ISNUMBER(SEARCH("kk", AE37)), "Kitchenette", "Independent"))) -> Independent | AJ37: =IF(AE37="", "no info", IF(OR(ISNUMBER(SEARCH(" s ", AE37)), ISNUMBER(SEARCH("sauna", AE37)), ISNUMBER(SEARCH("+ s", AE37))), "YES", "NO")) -> NO | AK37: =IF(AE37="", "no info", IF(OR(ISNUMBER(SEARCH("las.p", AE37)), ISNUMBER(SEARCH("lasitettu", AE37))), "Glazed Balcony", IF(OR(ISNUMBER(SEARCH(" p ", AE37)), ISNUMBER(SEARCH("parveke", AE37))), "Standard Balcony", IF(OR(ISNUMBER(SEARCH("terassi", AE37)), ISNUMBER(SEARCH("kuisti", AE37))), "Terrace", "None")))) -> None | AL37: =IF(AE37="", "no info", IF(OR(ISNUMBER(SEARCH("2wc", AE37)), ISNUMBER(SEARCH("2xwc", AE37))), "2 Toilets", "1 Toilet")) -> 1 Toilet | AM37: =IF(AE37="", "no info", IF(OR(ISNUMBER(SEARCH("vh", AE37)), ISNUMBER(SEARCH("var", AE37))), "YES", "NO")) -> NO | AN37: =VLOOKUP(J37, 'Regions and Cities'!A:B, 2, FALSE) -> Pirkanmaa
A38: Aurinkotuulenkatu 14 B Aurinkolahti Helsinki | B38: Aurinkotuulenkatu 14 B | C38: Aurinkolahti Helsinki | D38: 2356 | E38: Aurinkolahden Crape Oy | H38: 95 | I38: 2007 | J38: Helsinki | K38: Aurinkolahti | L38: 80513764 | M38: false | N38: https://d3ls91xgksobn.cloudfront.net/400x300/etuovimedia/images/property/import/374/2608374/0e76b9541118d347871c0e0e51d244c4/b036efa63a6fafc791556cbee755221c/ORIGINAL.jpeg | O38: https://d3ls91xgksobn.cloudfront.net/1200x900/etuovimedia/images/property/import/374/2608374/0e76b9541118d347871c0e0e51d244c4/b036efa63a6fafc791556cbee755221c/ORIGINAL.jpeg | R38: false | S38: false | T38: 60.2052 | U38: 2608374 | V38: https://www.etuovi.com/kohde/80513764 | W38: 25.15833 | X38: 379000 | Y38: 379 000 € | AA38: Apartment (Kerrostalo) | AB38: RESIDENTIAL | AC38: 2026-06-09 | AD38: 3 | AE38: 3h + k + s + 2xwc + 2xlasit p. | AF38: 2026-06-10T14:04:49.827Z | AG38: Apartment (Kerrostalo) — 3h + k + s + 2xwc + 2xlasit p. — 95 m² — Aurinkolahti Helsinki | AH38: 95 | AI38: =IF(AE38="", "no info", IF(OR(ISNUMBER(SEARCH("kt", AE38)), ISNUMBER(SEARCH("avokeittiö", AE38))), "Open", IF(ISNUMBER(SEARCH("kk", AE38)), "Kitchenette", "Independent"))) -> Independent | AJ38: =IF(AE38="", "no info", IF(OR(ISNUMBER(SEARCH(" s ", AE38)), ISNUMBER(SEARCH("sauna", AE38)), ISNUMBER(SEARCH("+ s", AE38))), "YES", "NO")) -> YES | AK38: =IF(AE38="", "no info", IF(OR(ISNUMBER(SEARCH("las.p", AE38)), ISNUMBER(SEARCH("lasitettu", AE38))), "Glazed Balcony", IF(OR(ISNUMBER(SEARCH(" p ", AE38)), ISNUMBER(SEARCH("parveke", AE38))), "Standard Balcony", IF(OR(ISNUMBER(SEARCH("terassi", AE38)), ISNUMBER(SEARCH("kuisti", AE38))), "Terrace", "None")))) -> None | AL38: =IF(AE38="", "no info", IF(OR(ISNUMBER(SEARCH("2wc", AE38)), ISNUMBER(SEARCH("2xwc", AE38))), "2 Toilets", "1 Toilet")) -> 2 Toilets | AM38: =IF(AE38="", "no info", IF(OR(ISNUMBER(SEARCH("vh", AE38)), ISNUMBER(SEARCH("var", AE38))), "YES", "NO")) -> NO | AN38: =VLOOKUP(J38, 'Regions and Cities'!A:B, 2, FALSE) -> Uusimaa
A39: Aurorankuja 4 Järvenperä Espoo | B39: Aurorankuja 4 | C39: Järvenperä Espoo | H39: 83 | I39: 2000 | J39: Espoo | K39: Järvenperä | L39: fh4969 | M39: false | N39: https://d3ls91xgksobn.cloudfront.net/400x300/etuovimedia/images/property/import/912/2580912/0e76b9541118d347871c0e0e51d244c4/d56dc4be311eb5e49834a97827bc42b8/ORIGINAL.jpeg | O39: https://d3ls91xgksobn.cloudfront.net/1200x900/etuovimedia/images/property/import/912/2580912/0e76b9541118d347871c0e0e51d244c4/d56dc4be311eb5e49834a97827bc42b8/ORIGINAL.jpeg | R39: false | S39: true | T39: 60.236553 | U39: 2580912 | V39: https://www.etuovi.com/kohde/fh4969 | W39: 24.702581 | X39: 300000 | Y39: 300 000 € | Z39: Mark S. | AA39: Row House (Rivitalo) | AB39: RESIDENTIAL | AC39: 2026-05-19 | AD39: 4 | AE39: 4h + k + vh + kph + s + wc + p + var | AF39: 2026-06-10T14:03:20.690Z | AG39: Row House (Rivitalo) — 4h + k + vh + kph + s + wc + p + var — 83 m² — Järvenperä Espoo | AH39: 83 | AI39: =IF(AE39="", "no info", IF(OR(ISNUMBER(SEARCH("kt", AE39)), ISNUMBER(SEARCH("avokeittiö", AE39))), "Open", IF(ISNUMBER(SEARCH("kk", AE39)), "Kitchenette", "Independent"))) -> Independent | AJ39: =IF(AE39="", "no info", IF(OR(ISNUMBER(SEARCH(" s ", AE39)), ISNUMBER(SEARCH("sauna", AE39)), ISNUMBER(SEARCH("+ s", AE39))), "YES", "NO")) -> YES | AK39: =IF(AE39="", "no info", IF(OR(ISNUMBER(SEARCH("las.p", AE39)), ISNUMBER(SEARCH("lasitettu", AE39))), "Glazed Balcony", IF(OR(ISNUMBER(SEARCH(" p ", AE39)), ISNUMBER(SEARCH("parveke", AE39))), "Standard Balcony", IF(OR(ISNUMBER(SEARCH("terassi", AE39)), ISNUMBER(SEARCH("kuisti", AE39))), "Terrace", "None")))) -> Standard Balcony | AL39: =IF(AE39="", "no info", IF(OR(ISNUMBER(SEARCH("2wc", AE39)), ISNUMBER(SEARCH("2xwc", AE39))), "2 Toilets", "1 Toilet")) -> 1 Toilet | AM39: =IF(AE39="", "no info", IF(OR(ISNUMBER(SEARCH("vh", AE39)), ISNUMBER(SEARCH("var", AE39))), "YES", "NO")) -> YES | AN39: =VLOOKUP(J39, 'Regions and Cities'!A:B, 2, FALSE) -> Uusimaa
A40: Bergströmsvägen 1-3 C Dalsbruk Kemiönsaari | B40: Bergströmsvägen 1-3 C | C40: Dalsbruk Kemiönsaari | D40: 1883 | E40: Ab Åbolands Fastigheter AFM - Turunmaan Kiinteistöt Oy LKV | F40: http://www.turunmaankiinteistot.fi/ | H40: 39 | I40: 1970 | J40: Kemiönsaari | K40: Dalsbruk | L40: 80510211 | M40: false | N40: https://d3ls91xgksobn.cloudfront.net/400x300/etuovimedia/images/property/import/356/2608356/0e76b9541118d347871c0e0e51d244c4/ce815ea502341053fd7464287365a4ad/ORIGINAL.jpeg | O40: https://d3ls91xgksobn.cloudfront.net/1200x900/etuovimedia/images/property/import/356/2608356/0e76b9541118d347871c0e0e51d244c4/ce815ea502341053fd7464287365a4ad/ORIGINAL.jpeg | R40: false | S40: false | T40: 60.02316 | U40: 2608356 | V40: https://www.etuovi.com/kohde/80510211 | W40: 22.51821 | X40: 34000 | Y40: 34 000 € | AA40: Apartment (Kerrostalo) | AB40: RESIDENTIAL | AC40: 2026-06-09 | AD40: 1 | AE40: 1h + k | AF40: 2026-06-10T14:04:55.851Z | AG40: Apartment (Kerrostalo) — 1h + k — 39 m² — Dalsbruk Kemiönsaari | AH40: 39 | AI40: =IF(AE40="", "no info", IF(OR(ISNUMBER(SEARCH("kt", AE40)), ISNUMBER(SEARCH("avokeittiö", AE40))), "Open", IF(ISNUMBER(SEARCH("kk", AE40)), "Kitchenette", "Independent"))) -> Independent | AJ40: =IF(AE40="", "no info", IF(OR(ISNUMBER(SEARCH(" s ", AE40)), ISNUMBER(SEARCH("sauna", AE40)), ISNUMBER(SEARCH("+ s", AE40))), "YES", "NO")) -> NO | AK40: =IF(AE40="", "no info", IF(OR(ISNUMBER(SEARCH("las.p", AE40)), ISNUMBER(SEARCH("lasitettu", AE40))), "Glazed Balcony", IF(OR(ISNUMBER(SEARCH(" p ", AE40)), ISNUMBER(SEARCH("parveke", AE40))), "Standard Balcony", IF(OR(ISNUMBER(SEARCH("terassi", AE40)), ISNUMBER(SEARCH("kuisti", AE40))), "Terrace", "None")))) -> None | AL40: =IF(AE40="", "no info", IF(OR(ISNUMBER(SEARCH("2wc", AE40)), ISNUMBER(SEARCH("2xwc", AE40))), "2 Toilets", "1 Toilet")) -> 1 Toilet | AM40: =IF(AE40="", "no info", IF(OR(ISNUMBER(SEARCH("vh", AE40)), ISNUMBER(SEARCH("var", AE40))), "YES", "NO")) -> NO | AN40: =VLOOKUP(J40, 'Regions and Cities'!A:B, 2, FALSE) -> Varsinais-Suomi
A41: Bifrostinkuja 1 A Karhusuo Espoo | B41: Bifrostinkuja 1 A | C41: Karhusuo Espoo | D41: 2817 | E41: Alcovi LKV | F41: https://www.alcovi.fi/ | H41: 77.5 | I41: 2023 | J41: Espoo | K41: Karhusuo | L41: 80515430 | M41: false | N41: https://d3ls91xgksobn.cloudfront.net/400x300/etuovimedia/images/property/import/531/2608531/0e76b9541118d347871c0e0e51d244c4/621f90a810a16883156e42ecff477b9c/ORIGINAL.jpeg | O41: https://d3ls91xgksobn.cloudfront.net/1200x900/etuovimedia/images/property/import/531/2608531/0e76b9541118d347871c0e0e51d244c4/621f90a810a16883156e42ecff477b9c/ORIGINAL.jpeg | R41: false | S41: false | T41: 60.22595 | U41: 2608531 | V41: https://www.etuovi.com/kohde/80515430 | W41: 24.62026 | X41: 399000 | Y41: 399 000 € | AA41: Semi-detached (Paritalo) | AB41: RESIDENTIAL | AC41: 2026-06-09 | AD41: 4 | AE41: 4h + avok + kph + s + khh + wc + var + ak | AF41: 2026-06-10T14:04:42.551Z | AG41: Semi-detached (Paritalo) — 4h + avok + kph + s + khh + wc + var + ak — 77.5 m² — Karhusuo Espoo | AH41: 81.6 | AI41: =IF(AE41="", "no info", IF(OR(ISNUMBER(SEARCH("kt", AE41)), ISNUMBER(SEARCH("avokeittiö", AE41))), "Open", IF(ISNUMBER(SEARCH("kk", AE41)), "Kitchenette", "Independent"))) -> Independent | AJ41: =IF(AE41="", "no info", IF(OR(ISNUMBER(SEARCH(" s ", AE41)), ISNUMBER(SEARCH("sauna", AE41)), ISNUMBER(SEARCH("+ s", AE41))), "YES", "NO")) -> YES | AK41: =IF(AE41="", "no info", IF(OR(ISNUMBER(SEARCH("las.p", AE41)), ISNUMBER(SEARCH("lasitettu", AE41))), "Glazed Balcony", IF(OR(ISNUMBER(SEARCH(" p ", AE41)), ISNUMBER(SEARCH("parveke", AE41))), "Standard Balcony", IF(OR(ISNUMBER(SEARCH("terassi", AE41)), ISNUMBER(SEARCH("kuisti", AE41))), "Terrace", "None")))) -> None | AL41: =IF(AE41="", "no info", IF(OR(ISNUMBER(SEARCH("2wc", AE41)), ISNUMBER(SEARCH("2xwc", AE41))), "2 Toilets", "1 Toilet")) -> 1 Toilet | AM41: =IF(AE41="", "no info", IF(OR(ISNUMBER(SEARCH("vh", AE41)), ISNUMBER(SEARCH("var", AE41))), "YES", "NO")) -> YES | AN41: =VLOOKUP(J41, 'Regions and Cities'!A:B, 2, FALSE) -> Uusimaa
A42: Boxintie 191 Box, Pigby Sipoo | B42: Boxintie 191 | C42: Box, Pigby Sipoo | D42: 3512 | E42: REMAX Kuuma | MaaKarrit Oy | F42: https://www.remax.fi/ | G42: Maarit Rope | H42: 145 | I42: 1990 | J42: Sipoo | K42: Box, Pigby | L42: 80503807 | M42: false | N42: https://d3ls91xgksobn.cloudfront.net/400x300/etuovimedia/images/property/import/626/2609626/0e76b9541118d347871c0e0e51d244c4/3bc29242c44551cff7521c4902a2c5a7/ORIGINAL.jpeg | O42: https://d3ls91xgksobn.cloudfront.net/1200x900/etuovimedia/images/property/import/626/2609626/0e76b9541118d347871c0e0e51d244c4/3bc29242c44551cff7521c4902a2c5a7/ORIGINAL.jpeg | P42: https://d3ls91xgksobn.cloudfront.net/1200x900/etuovimedia/images/property/import/626/2609626/0e76b9541118d347871c0e0e51d244c4/e6bab1bead77139120579ffa1aa29d01/ORIGINAL.jpeg | R42: false | S42: false | T42: 60.3438 | U42: 2609626 | V42: https://www.etuovi.com/kohde/80503807 | W42: 25.28841 | X42: 235000 | Y42: 235 000 € | AA42: Detached House (Omakotitalo) | AB42: RESIDENTIAL | AC42: 2026-06-10 | AD42: 4 | AE42: oh + 3mh + k + s + kph + wc + vh + kellari + autotalli + varasto | AF42: 2026-06-10T14:03:05.552Z | AG42: Detached House (Omakotitalo) — oh + 3mh + k + s + kph + wc + vh + kellari + autotalli + varasto — 145 m² — Box, Pigby Sipoo | AH42: 205 | AI42: =IF(AE42="", "no info", IF(OR(ISNUMBER(SEARCH("kt", AE42)), ISNUMBER(SEARCH("avokeittiö", AE42))), "Open", IF(ISNUMBER(SEARCH("kk", AE42)), "Kitchenette", "Independent"))) -> Independent | AJ42: =IF(AE42="", "no info", IF(OR(ISNUMBER(SEARCH(" s ", AE42)), ISNUMBER(SEARCH("sauna", AE42)), ISNUMBER(SEARCH("+ s", AE42))), "YES", "NO")) -> YES | AK42: =IF(AE42="", "no info", IF(OR(ISNUMBER(SEARCH("las.p", AE42)), ISNUMBER(SEARCH("lasitettu", AE42))), "Glazed Balcony", IF(OR(ISNUMBER(SEARCH(" p ", AE42)), ISNUMBER(SEARCH("parveke", AE42))), "Standard Balcony", IF(OR(ISNUMBER(SEARCH("terassi", AE42)), ISNUMBER(SEARCH("kuisti", AE42))), "Terrace", "None")))) -> None | AL42: =IF(AE42="", "no info", IF(OR(ISNUMBER(SEARCH("2wc", AE42)), ISNUMBER(SEARCH("2xwc", AE42))), "2 Toilets", "1 Toilet")) -> 1 Toilet | AM42: =IF(AE42="", "no info", IF(OR(ISNUMBER(SEARCH("vh", AE42)), ISNUMBER(SEARCH("var", AE42))), "YES", "NO")) -> YES | AN42: =VLOOKUP(J42, 'Regions and Cities'!A:B, 2, FALSE) -> Uusimaa
A43: Brantaksentie 108 Linnanpelto Sipoo | B43: Brantaksentie 108 | C43: Linnanpelto Sipoo | D43: 2648 | E43: Bo LKV Porvoo | F43: https://bo.fi/myymassa/ | G43: Toivola Jatta | H43: 252 | I43: 1938 | J43: Sipoo | K43: Linnanpelto | L43: 21610414 | M43: false | N43: https://d3ls91xgksobn.cloudfront.net/400x300/etuovimedia/images/property/import/171/2609171/0e76b9541118d347871c0e0e51d244c4/18880ce2f19855a1cb8866f209267cdf/ORIGINAL.jpeg | O43: https://d3ls91xgksobn.cloudfront.net/1200x900/etuovimedia/images/property/import/171/2609171/0e76b9541118d347871c0e0e51d244c4/18880ce2f19855a1cb8866f209267cdf/ORIGINAL.jpeg | P43: https://d3ls91xgksobn.cloudfront.net/1200x900/etuovimedia/images/property/import/171/2609171/0e76b9541118d347871c0e0e51d244c4/5127a7f113be4e2247919b9e9c943de9/ORIGINAL.jpeg | R43: false | S43: false | T43: 60.416795 | U43: 2609171 | V43: https://www.etuovi.com/kohde/21610414 | W43: 25.311098 | X43: 585000 | Y43: 585 000 € | AA43: Detached House (Omakotitalo) | AB43: RESIDENTIAL | AC43: 2026-06-10 | AD43: 5+ | AE43: Sali, 2 x k, arkioh, 4 mh, aula, 2x erill.wc, kph, | AF43: 2026-06-10T14:03:46.610Z | AG43: Detached House (Omakotitalo) — Sali, 2 x k, arkioh, 4 mh, aula, 2x erill.wc, kph, — 252 m² — Linnanpelto Sipoo | AH43: 315 | AI43: =IF(AE43="", "no info", IF(OR(ISNUMBER(SEARCH("kt", AE43)), ISNUMBER(SEARCH("avokeittiö", AE43))), "Open", IF(ISNUMBER(SEARCH("kk", AE43)), "Kitchenette", "Independent"))) -> Independent | AJ43: =IF(AE43="", "no info", IF(OR(ISNUMBER(SEARCH(" s ", AE43)), ISNUMBER(SEARCH("sauna", AE43)), ISNUMBER(SEARCH("+ s", AE43))), "YES", "NO")) -> NO | AK43: =IF(AE43="", "no info", IF(OR(ISNUMBER(SEARCH("las.p", AE43)), ISNUMBER(SEARCH("lasitettu", AE43))), "Glazed Balcony", IF(OR(ISNUMBER(SEARCH(" p ", AE43)), ISNUMBER(SEARCH("parveke", AE43))), "Standard Balcony", IF(OR(ISNUMBER(SEARCH("terassi", AE43)), ISNUMBER(SEARCH("kuisti", AE43))), "Terrace", "None")))) -> None | AL43: =IF(AE43="", "no info", IF(OR(ISNUMBER(SEARCH("2wc", AE43)), ISNUMBER(SEARCH("2xwc", AE43))), "2 Toilets", "1 Toilet")) -> 1 Toilet | AM43: =IF(AE43="", "no info", IF(OR(ISNUMBER(SEARCH("vh", AE43)), ISNUMBER(SEARCH("var", AE43))), "YES", "NO")) -> NO | AN43: =VLOOKUP(J43, 'Regions and Cities'!A:B, 2, FALSE) -> Uusimaa
A44: Bulevardi 52 Hietalahti Helsinki | B44: Bulevardi 52 | C44: Hietalahti Helsinki | D44: 16 | E44: Habita Ullanlinna | Etelä-Helsingin Habita Oy | F44: https://www.habita.com/fi | H44: 72 | I44: 2002 | J44: Helsinki | K44: Hietalahti | L44: 2275478 | M44: false | N44: https://d3ls91xgksobn.cloudfront.net/400x300/etuovimedia/images/property/import/256/2608256/0e76b9541118d347871c0e0e51d244c4/8c929984ff98e8ba4e61129489b599ee/ORIGINAL.jpeg | O44: https://d3ls91xgksobn.cloudfront.net/1200x900/etuovimedia/images/property/import/256/2608256/0e76b9541118d347871c0e0e51d244c4/8c929984ff98e8ba4e61129489b599ee/ORIGINAL.jpeg | R44: false | S44: false | T44: 60.160766 | U44: 2608256 | V44: https://www.etuovi.com/kohde/2275478 | W44: 24.930957 | X44: 528000 | Y44: 528 000 € | AA44: Apartment (Kerrostalo) | AB44: RESIDENTIAL | AC44: 2026-06-09 | AD44: 2 | AE44: Tilava kaksio sisäpihan rauhassa | AF44: 2026-06-10T14:05:03.001Z | AG44: Apartment (Kerrostalo) — Tilava kaksio sisäpihan rauhassa — 72 m² — Hietalahti Helsinki | AH44: 72 | AI44: =IF(AE44="", "no info", IF(OR(ISNUMBER(SEARCH("kt", AE44)), ISNUMBER(SEARCH("avokeittiö", AE44))), "Open", IF(ISNUMBER(SEARCH("kk", AE44)), "Kitchenette", "Independent"))) -> Independent | AJ44: =IF(AE44="", "no info", IF(OR(ISNUMBER(SEARCH(" s ", AE44)), ISNUMBER(SEARCH("sauna", AE44)), ISNUMBER(SEARCH("+ s", AE44))), "YES", "NO")) -> NO | AK44: =IF(AE44="", "no info", IF(OR(ISNUMBER(SEARCH("las.p", AE44)), ISNUMBER(SEARCH("lasitettu", AE44))), "Glazed Balcony", IF(OR(ISNUMBER(SEARCH(" p ", AE44)), ISNUMBER(SEARCH("parveke", AE44))), "Standard Balcony", IF(OR(ISNUMBER(SEARCH("terassi", AE44)), ISNUMBER(SEARCH("kuisti", AE44))), "Terrace", "None")))) -> None | AL44: =IF(AE44="", "no info", IF(OR(ISNUMBER(SEARCH("2wc", AE44)), ISNUMBER(SEARCH("2xwc", AE44))), "2 Toilets", "1 Toilet")) -> 1 Toilet | AM44: =IF(AE44="", "no info", IF(OR(ISNUMBER(SEARCH("vh", AE44)), ISNUMBER(SEARCH("var", AE44))), "YES", "NO")) -> NO | AN44: =VLOOKUP(J44, 'Regions and Cities'!A:B, 2, FALSE) -> Uusimaa
A45: Carpelanintie 3 Tammisaari Raasepori | B45: Carpelanintie 3 | C45: Tammisaari Raasepori | D45: 3542 | E45: Kiinteistömaailma Raseborg-Raasepori | Kiinteistövälitys Hannula LKV | F45: http://www.kiinteistomaailma.fi/ | H45: 70 | I45: 1931 | J45: Raasepori | K45: Tammisaari | L45: 63767978 | M45: false | N45: https://d3ls91xgksobn.cloudfront.net/400x300/etuovimedia/images/property/import/278/2526278/0e76b9541118d347871c0e0e51d244c4/4b05c4f92afad529fd0a6801f39a6d6d/ORIGINAL.jpeg | O45: https://d3ls91xgksobn.cloudfront.net/1200x900/etuovimedia/images/property/import/278/2526278/0e76b9541118d347871c0e0e51d244c4/4b05c4f92afad529fd0a6801f39a6d6d/ORIGINAL.jpeg | R45: false | S45: false | T45: 59.971765 | U45: 2526278 | V45: https://www.etuovi.com/kohde/63767978 | W45: 23.441039 | X45: 169000 | Y45: 169 000 € | AA45: Apartment (Kerrostalo) | AB45: RESIDENTIAL | AC45: 2026-04-01 | AD45: 3 | AE45: 3h, k, kph / wc, s, p | AF45: 2026-06-10T14:04:07.045Z | AG45: Apartment (Kerrostalo) — 3h, k, kph / wc, s, p — 70 m² — Tammisaari Raasepori | AI45: =IF(AE45="", "no info", IF(OR(ISNUMBER(SEARCH("kt", AE45)), ISNUMBER(SEARCH("avokeittiö", AE45))), "Open", IF(ISNUMBER(SEARCH("kk", AE45)), "Kitchenette", "Independent"))) -> Independent | AJ45: =IF(AE45="", "no info", IF(OR(ISNUMBER(SEARCH(" s ", AE45)), ISNUMBER(SEARCH("sauna", AE45)), ISNUMBER(SEARCH("+ s", AE45))), "YES", "NO")) -> NO | AK45: =IF(AE45="", "no info", IF(OR(ISNUMBER(SEARCH("las.p", AE45)), ISNUMBER(SEARCH("lasitettu", AE45))), "Glazed Balcony", IF(OR(ISNUMBER(SEARCH(" p ", AE45)), ISNUMBER(SEARCH("parveke", AE45))), "Standard Balcony", IF(OR(ISNUMBER(SEARCH("terassi", AE45)), ISNUMBER(SEARCH("kuisti", AE45))), "Terrace", "None")))) -> None | AL45: =IF(AE45="", "no info", IF(OR(ISNUMBER(SEARCH("2wc", AE45)), ISNUMBER(SEARCH("2xwc", AE45))), "2 Toilets", "1 Toilet")) -> 1 Toilet | AM45: =IF(AE45="", "no info", IF(OR(ISNUMBER(SEARCH("vh", AE45)), ISNUMBER(SEARCH("var", AE45))), "YES", "NO")) -> NO | AN45: =VLOOKUP(J45, 'Regions and Cities'!A:B, 2, FALSE) -> Uusimaa
A46: Eenokinkuja 4 Herrala Ilmajoki | B46: Eenokinkuja 4 | C46: Herrala Ilmajoki | D46: 2155 | E46: Sp-Koti | Lakeuden Oma Koti Oy | F46: http://www.sp-koti.fi/ | H46: 172 | I46: 1949 | J46: Ilmajoki | K46: Herrala | L46: 80515603 | M46: false | N46: https://d3ls91xgksobn.cloudfront.net/400x300/etuovimedia/images/property/import/475/2608475/0e76b9541118d347871c0e0e51d244c4/69d62a9d0fc7ee37eebbde6668182899/ORIGINAL.jpeg | O46: https://d3ls91xgksobn.cloudfront.net/1200x900/etuovimedia/images/property/import/475/2608475/0e76b9541118d347871c0e0e51d244c4/69d62a9d0fc7ee37eebbde6668182899/ORIGINAL.jpeg | R46: false | S46: false | T46: 62.73783 | U46: 2608475 | V46: https://www.etuovi.com/kohde/80515603 | W46: 22.57356 | X46: 275000 | Y46: 275 000 € | AA46: Detached House (Omakotitalo) | AB46: RESIDENTIAL | AC46: 2026-06-09 | AD46: 4 | AE46: 4 h, k, khh, kph, s | AF46: 2026-06-10T14:04:45.595Z | AG46: Detached House (Omakotitalo) — 4 h, k, khh, kph, s — 172 m² — Herrala Ilmajoki | AH46: 172 | AI46: =IF(AE46="", "no info", IF(OR(ISNUMBER(SEARCH("kt", AE46)), ISNUMBER(SEARCH("avokeittiö", AE46))), "Open", IF(ISNUMBER(SEARCH("kk", AE46)), "Kitchenette", "Independent"))) -> Independent | AJ46: =IF(AE46="", "no info", IF(OR(ISNUMBER(SEARCH(" s ", AE46)), ISNUMBER(SEARCH("sauna", AE46)), ISNUMBER(SEARCH("+ s", AE46))), "YES", "NO")) -> NO | AK46: =IF(AE46="", "no info", IF(OR(ISNUMBER(SEARCH("las.p", AE46)), ISNUMBER(SEARCH("lasitettu", AE46))), "Glazed Balcony", IF(OR(ISNUMBER(SEARCH(" p ", AE46)), ISNUMBER(SEARCH("parveke", AE46))), "Standard Balcony", IF(OR(ISNUMBER(SEARCH("terassi", AE46)), ISNUMBER(SEARCH("kuisti", AE46))), "Terrace", "None")))) -> None | AL46: =IF(AE46="", "no info", IF(OR(ISNUMBER(SEARCH("2wc", AE46)), ISNUMBER(SEARCH("2xwc", AE46))), "2 Toilets", "1 Toilet")) -> 1 Toilet | AM46: =IF(AE46="", "no info", IF(OR(ISNUMBER(SEARCH("vh", AE46)), ISNUMBER(SEARCH("var", AE46))), "YES", "NO")) -> NO | AN46: =VLOOKUP(J46, 'Regions and Cities'!A:B, 2, FALSE) -> Etelä-Pohjanmaa
A47: Ensi parvi 3 Vuosaari Helsinki | B47: Ensi parvi 3 | C47: Vuosaari Helsinki | D47: 333 | E47: Asuntosäätiö | Asuntosäätiön Asumisoikeus Oy | F47: https://www.asuntosaatio.fi | H47: 76 | I47: 2027 | J47: Helsinki | K47: Vuosaari | L47: df2748 | M47: false | N47: https://d3ls91xgksobn.cloudfront.net/400x300/etuovimedia/images/property/import/68/2405068/0e76b9541118d347871c0e0e51d244c4/cb2cc7d1db3d6c0498f79272ef148fe7/ORIGINAL.jpeg | O47: https://d3ls91xgksobn.cloudfront.net/1200x900/etuovimedia/images/property/import/68/2405068/0e76b9541118d347871c0e0e51d244c4/cb2cc7d1db3d6c0498f79272ef148fe7/ORIGINAL.jpeg | R47: true | S47: false | T47: 60.224888 | U47: 2405068 | V47: https://www.etuovi.com/kohde/df2748 | W47: 25.134852 | X47: 52243.83 | Y47: 52 243,83 € | AA47: Apartment (Kerrostalo) | AB47: RESIDENTIAL | AC47: 2025-11-26 | AD47: 4 | AE47: 4H + KT | AF47: 2026-06-10T14:03:37.459Z | AG47: Apartment (Kerrostalo) — 4H + KT — 76 m² — Vuosaari Helsinki | AI47: =IF(AE47="", "no info", IF(OR(ISNUMBER(SEARCH("kt", AE47)), ISNUMBER(SEARCH("avokeittiö", AE47))), "Open", IF(ISNUMBER(SEARCH("kk", AE47)), "Kitchenette", "Independent"))) -> Open | AJ47: =IF(AE47="", "no info", IF(OR(ISNUMBER(SEARCH(" s ", AE47)), ISNUMBER(SEARCH("sauna", AE47)), ISNUMBER(SEARCH("+ s", AE47))), "YES", "NO")) -> NO | AK47: =IF(AE47="", "no info", IF(OR(ISNUMBER(SEARCH("las.p", AE47)), ISNUMBER(SEARCH("lasitettu", AE47))), "Glazed Balcony", IF(OR(ISNUMBER(SEARCH(" p ", AE47)), ISNUMBER(SEARCH("parveke", AE47))), "Standard Balcony", IF(OR(ISNUMBER(SEARCH("terassi", AE47)), ISNUMBER(SEARCH("kuisti", AE47))), "Terrace", "None")))) -> None | AL47: =IF(AE47="", "no info", IF(OR(ISNUMBER(SEARCH("2wc", AE47)), ISNUMBER(SEARCH("2xwc", AE47))), "2 Toilets", "1 Toilet")) -> 1 Toilet | AM47: =IF(AE47="", "no info", IF(OR(ISNUMBER(SEARCH("vh", AE47)), ISNUMBER(SEARCH("var", AE47))), "YES", "NO")) -> NO | AN47: =VLOOKUP(J47, 'Regions and Cities'!A:B, 2, FALSE) -> Uusimaa
A48: Eteläpuisto 9 Keskusta Pori | B48: Eteläpuisto 9 | C48: Keskusta Pori | D48: 3836 | E48: Tilanne LKV | Lännen Kiinteistönvälitys Oy | F48: https://www.tilannelkv.fi/ | G48: Katariina Lindstedt | H48: 61.5 | I48: 1938 | J48: Pori | K48: Keskusta | L48: 56792172 | M48: false | N48: https://d3ls91xgksobn.cloudfront.net/400x300/etuovimedia/images/property/import/189/2084189/0e76b9541118d347871c0e0e51d244c4/589eafdb16b27e4b4c558679b38a52e3/ORIGINAL.jpeg | O48: https://d3ls91xgksobn.cloudfront.net/1200x900/etuovimedia/images/property/import/189/2084189/0e76b9541118d347871c0e0e51d244c4/589eafdb16b27e4b4c558679b38a52e3/ORIGINAL.jpeg | P48: https://d3ls91xgksobn.cloudfront.net/1200x900/etuovimedia/images/property/import/189/2084189/0e76b9541118d347871c0e0e51d244c4/c5a9fa8e7663ec0e9ae21f8274ff393d/ORIGINAL.jpeg | R48: false | S48: false | T48: 61.485577 | U48: 2084189 | V48: https://www.etuovi.com/kohde/56792172 | W48: 21.791117 | X48: 84000 | Y48: 84 000 € | AA48: Apartment (Kerrostalo) | AB48: RESIDENTIAL | AC48: 2025-04-24 | AD48: 2 | AE48: 2h, k, kph, vh | AF48: 2026-06-10T14:04:55.569Z | AG48: Apartment (Kerrostalo) — 2h, k, kph, vh — 61.5 m² — Keskusta Pori | AH48: 61.5 | AI48: =IF(AE48="", "no info", IF(OR(ISNUMBER(SEARCH("kt", AE48)), ISNUMBER(SEARCH("avokeittiö", AE48))), "Open", IF(ISNUMBER(SEARCH("kk", AE48)), "Kitchenette", "Independent"))) -> Independent | AJ48: =IF(AE48="", "no info", IF(OR(ISNUMBER(SEARCH(" s ", AE48)), ISNUMBER(SEARCH("sauna", AE48)), ISNUMBER(SEARCH("+ s", AE48))), "YES", "NO")) -> NO | AK48: =IF(AE48="", "no info", IF(OR(ISNUMBER(SEARCH("las.p", AE48)), ISNUMBER(SEARCH("lasitettu", AE48))), "Glazed Balcony", IF(OR(ISNUMBER(SEARCH(" p ", AE48)), ISNUMBER(SEARCH("parveke", AE48))), "Standard Balcony", IF(OR(ISNUMBER(SEARCH("terassi", AE48)), ISNUMBER(SEARCH("kuisti", AE48))), "Terrace", "None")))) -> None | AL48: =IF(AE48="", "no info", IF(OR(ISNUMBER(SEARCH("2wc", AE48)), ISNUMBER(SEARCH("2xwc", AE48))), "2 Toilets", "1 Toilet")) -> 1 Toilet | AM48: =IF(AE48="", "no info", IF(OR(ISNUMBER(SEARCH("vh", AE48)), ISNUMBER(SEARCH("var", AE48))), "YES", "NO")) -> YES | AN48: =VLOOKUP(J48, 'Regions and Cities'!A:B, 2, FALSE) -> Satakunta
A49: Eteläranta 9 Saaristokaupunki Kuopio | B49: Eteläranta 9 | C49: Saaristokaupunki Kuopio | D49: 589 | E49: OP Koti Itä-Suomi Oy LKV, Kuopio | F49: https://op-koti.fi?cmpid=.opkoti..huom.1.etuovi.banner.yrityslogo.ha_jn_opkoti_valitys | G49: Saija Miettinen | H49: 241.5 | I49: 2004 | J49: Kuopio | K49: Saaristokaupunki | L49: 595070 | M49: false | N49: https://d3ls91xgksobn.cloudfront.net/400x300/etuovimedia/images/property/import/200/2115200/0e76b9541118d347871c0e0e51d244c4/24c5b1315fc25c67be8dc491d95b0f11/ORIGINAL.jpeg | O49: https://d3ls91xgksobn.cloudfront.net/1200x900/etuovimedia/images/property/import/200/2115200/0e76b9541118d347871c0e0e51d244c4/24c5b1315fc25c67be8dc491d95b0f11/ORIGINAL.jpeg | P49: https://d3ls91xgksobn.cloudfront.net/1200x900/etuovimedia/images/property/import/200/2115200/0e76b9541118d347871c0e0e51d244c4/a4e9767f9382de7d349d4aeb369853e3/ORIGINAL.jpeg | Q49: https://d3ls91xgksobn.cloudfront.net/1200x900/etuovimedia/images/property/import/200/2115200/0e76b9541118d347871c0e0e51d244c4/ba5fc6169bc53031dba9af16c2ab4c82/ORIGINAL.jpeg | R49: false | S49: false | T49: 62.824462 | U49: 2115200 | V49: https://www.etuovi.com/kohde/595070 | W49: 27.684886 | X49: 699000 | Y49: 699 000 € | AA49: Detached House (Omakotitalo) | AB49: RESIDENTIAL | AC49: 2025-05-14 | AD49: 5 | AE49: 5h, k, kph, s, khh, vh, varasto, autotallit 2 kpl | AF49: 2026-06-10T14:05:02.789Z | AG49: Detached House (Omakotitalo) — 5h, k, kph, s, khh, vh, varasto, autotallit 2 kpl — 241.5 m² — Saaristokaupunki Kuopio | AH49: 364 | AI49: =IF(AE49="", "no info", IF(OR(ISNUMBER(SEARCH("kt", AE49)), ISNUMBER(SEARCH("avokeittiö", AE49))), "Open", IF(ISNUMBER(SEARCH("kk", AE49)), "Kitchenette", "Independent"))) -> Independent | AJ49: =IF(AE49="", "no info", IF(OR(ISNUMBER(SEARCH(" s ", AE49)), ISNUMBER(SEARCH("sauna", AE49)), ISNUMBER(SEARCH("+ s", AE49))), "YES", "NO")) -> NO | AK49: =IF(AE49="", "no info", IF(OR(ISNUMBER(SEARCH("las.p", AE49)), ISNUMBER(SEARCH("lasitettu", AE49))), "Glazed Balcony", IF(OR(ISNUMBER(SEARCH(" p ", AE49)), ISNUMBER(SEARCH("parveke", AE49))), "Standard Balcony", IF(OR(ISNUMBER(SEARCH("terassi", AE49)), ISNUMBER(SEARCH("kuisti", AE49))), "Terrace", "None")))) -> None | AL49: =IF(AE49="", "no info", IF(OR(ISNUMBER(SEARCH("2wc", AE49)), ISNUMBER(SEARCH("2xwc", AE49))), "2 Toilets", "1 Toilet")) -> 1 Toilet | AM49: =IF(AE49="", "no info", IF(OR(ISNUMBER(SEARCH("vh", AE49)), ISNUMBER(SEARCH("var", AE49))), "YES", "NO")) -> YES | AN49: =VLOOKUP(J49, 'Regions and Cities'!A:B, 2, FALSE) -> Pohjois-Savo
A50: Fagervikintie 503 Inkoo | B50: Fagervikintie 503 | C50: Inkoo | D50: 1571 | E50: Sp-Koti | Raseborgs Bostadsapotek Ab Oy AFM | F50: https://www.saastopankki.fi/sv-se/sb-hem | G50: Jeanette Mäkinen-Malmberg | H50: 148 | I50: 1991 | J50: Inkoo | L50: 80513193 | M50: false | N50: https://d3ls91xgksobn.cloudfront.net/400x300/etuovimedia/images/property/import/956/2608956/0e76b9541118d347871c0e0e51d244c4/21f7095f6b7d40ec3e89d4825fda5335/ORIGINAL.jpeg | O50: https://d3ls91xgksobn.cloudfront.net/1200x900/etuovimedia/images/property/import/956/2608956/0e76b9541118d347871c0e0e51d244c4/21f7095f6b7d40ec3e89d4825fda5335/ORIGINAL.jpeg | P50: https://d3ls91xgksobn.cloudfront.net/1200x900/etuovimedia/images/property/import/956/2608956/0e76b9541118d347871c0e0e51d244c4/00c982e7b58fa89c58679b75e5b942ea/ORIGINAL.jpeg | Q50: https://d3ls91xgksobn.cloudfront.net/1200x900/etuovimedia/images/property/import/956/2608956/0e76b9541118d347871c0e0e51d244c4/bffa1eb9abeabe277d60b4020b1f9ecd/ORIGINAL.jpeg | R50: false | S50: false | T50: 60.03752 | U50: 2608956 | V50: https://www.etuovi.com/kohde/80513193 | W50: 23.91376 | X50: 102000 | Y50: 102 000 € | AA50: Detached House (Omakotitalo) | AB50: RESIDENTIAL | AC50: 2026-06-10 | AD50: 3 | AE50: 3h, k, kph, khh, s, askarteluhuone + autokatos | AF50: 2026-06-10T14:04:07.764Z | AG50: Detached House (Omakotitalo) — 3h, k, kph, khh, s, askarteluhuone + autokatos — 148 m² — Inkoo | AH50: 181 | AI50: =IF(AE50="", "no info", IF(OR(ISNUMBER(SEARCH("kt", AE50)), ISNUMBER(SEARCH("avokeittiö", AE50))), "Open", IF(ISNUMBER(SEARCH("kk", AE50)), "Kitchenette", "Independent"))) -> Independent | AJ50: =IF(AE50="", "no info", IF(OR(ISNUMBER(SEARCH(" s ", AE50)), ISNUMBER(SEARCH("sauna", AE50)), ISNUMBER(SEARCH("+ s", AE50))), "YES", "NO")) -> NO | AK50: =IF(AE50="", "no info", IF(OR(ISNUMBER(SEARCH("las.p", AE50)), ISNUMBER(SEARCH("lasitettu", AE50))), "Glazed Balcony", IF(OR(ISNUMBER(SEARCH(" p ", AE50)), ISNUMBER(SEARCH("parveke", AE50))), "Standard Balcony", IF(OR(ISNUMBER(SEARCH("terassi", AE50)), ISNUMBER(SEARCH("kuisti", AE50))), "Terrace", "None")))) -> None | AL50: =IF(AE50="", "no info", IF(OR(ISNUMBER(SEARCH("2wc", AE50)), ISNUMBER(SEARCH("2xwc", AE50))), "2 Toilets", "1 Toilet")) -> 1 Toilet | AM50: =IF(AE50="", "no info", IF(OR(ISNUMBER(SEARCH("vh", AE50)), ISNUMBER(SEARCH("var", AE50))), "YES", "NO")) -> NO | AN50: =VLOOKUP(J50, 'Regions and Cities'!A:B, 2, FALSE) -> Uusimaa
A51: Färmintie 14 Siuro Nokia | B51: Färmintie 14 | C51: Siuro Nokia | D51: 1452 | E51: Kiinteistövälitys Rooma Oy LKV | F51: http://www.roomalkv.fi/ | G51: Mäki Jari | H51: 55.5 | I51: 1972 | J51: Nokia | K51: Siuro | L51: 20750366 | M51: false | N51: https://d3ls91xgksobn.cloudfront.net/400x300/etuovimedia/images/property/import/430/2608430/0e76b9541118d347871c0e0e51d244c4/72163592a665466fa813efe6ae7d6aaa/ORIGINAL.jpeg | O51: https://d3ls91xgksobn.cloudfront.net/1200x900/etuovimedia/images/property/import/430/2608430/0e76b9541118d347871c0e0e51d244c4/72163592a665466fa813efe6ae7d6aaa/ORIGINAL.jpeg | P51: https://d3ls91xgksobn.cloudfront.net/1200x900/etuovimedia/images/property/import/430/2608430/0e76b9541118d347871c0e0e51d244c4/43c3b1c3d12f10aaf7b3401605e9f217/ORIGINAL.jpeg | R51: false | S51: false | T51: 61.476535 | U51: 2608430 | V51: https://www.etuovi.com/kohde/20750366 | W51: 23.321069 | X51: 39000 | Y51: 39 000 € | AA51: Apartment (Kerrostalo) | AB51: RESIDENTIAL | AC51: 2026-06-09 | AD51: 2 | AE51: 2h, k, p | AF51: 2026-06-10T14:04:48.922Z | AG51: Apartment (Kerrostalo) — 2h, k, p — 55.5 m² — Siuro Nokia | AH51: 55.5 | AI51: =IF(AE51="", "no info", IF(OR(ISNUMBER(SEARCH("kt", AE51)), ISNUMBER(SEARCH("avokeittiö", AE51))), "Open", IF(ISNUMBER(SEARCH("kk", AE51)), "Kitchenette", "Independent"))) -> Independent | AJ51: =IF(AE51="", "no info", IF(OR(ISNUMBER(SEARCH(" s ", AE51)), ISNUMBER(SEARCH("sauna", AE51)), ISNUMBER(SEARCH("+ s", AE51))), "YES", "NO")) -> NO | AK51: =IF(AE51="", "no info", IF(OR(ISNUMBER(SEARCH("las.p", AE51)), ISNUMBER(SEARCH("lasitettu", AE51))), "Glazed Balcony", IF(OR(ISNUMBER(SEARCH(" p ", AE51)), ISNUMBER(SEARCH("parveke", AE51))), "Standard Balcony", IF(OR(ISNUMBER(SEARCH("terassi", AE51)), ISNUMBER(SEARCH("kuisti", AE51))), "Terrace", "None")))) -> None | AL51: =IF(AE51="", "no info", IF(OR(ISNUMBER(SEARCH("2wc", AE51)), ISNUMBER(SEARCH("2xwc", AE51))), "2 Toilets", "1 Toilet")) -> 1 Toilet | AM51: =IF(AE51="", "no info", IF(OR(ISNUMBER(SEARCH("vh", AE51)), ISNUMBER(SEARCH("var", AE51))), "YES", "NO")) -> NO | AN51: =VLOOKUP(J51, 'Regions and Cities'!A:B, 2, FALSE) -> Pirkanmaa
A52: Finbyntie 11 Parainen Parainen | B52: Finbyntie 11 | C52: Parainen Parainen | D52: 441 | E52: OP Koti Varsinais-Suomi Oy LKV, Brahenkatu | F52: https://op-koti.fi?cmpid=.opkoti..huom.1.etuovi.banner.yrityslogo.ha_jn_opkoti_valitys | G52: Anne Backman | H52: 129 | I52: 1948 | J52: Parainen | K52: Parainen | L52: 619636 | M52: false | N52: https://d3ls91xgksobn.cloudfront.net/400x300/etuovimedia/images/property/import/877/2608877/0e76b9541118d347871c0e0e51d244c4/aaf9f07d38c30df853ad69f2c190cd5b/ORIGINAL.jpeg | O52: https://d3ls91xgksobn.cloudfront.net/1200x900/etuovimedia/images/property/import/877/2608877/0e76b9541118d347871c0e0e51d244c4/aaf9f07d38c30df853ad69f2c190cd5b/ORIGINAL.jpeg | P52: https://d3ls91xgksobn.cloudfront.net/1200x900/etuovimedia/images/property/import/877/2608877/0e76b9541118d347871c0e0e51d244c4/880b556ce72d8bf20beffbac00b1ae0d/ORIGINAL.jpeg | Q52: https://d3ls91xgksobn.cloudfront.net/1200x900/etuovimedia/images/property/import/877/2608877/0e76b9541118d347871c0e0e51d244c4/6aa35247065255d0b63de887cba899a5/ORIGINAL.jpeg | R52: false | S52: false | T52: 60.306685 | U52: 2608877 | V52: https://www.etuovi.com/kohde/619636 | W52: 22.296219 | X52: 150000 | Y52: 150 000 € | AA52: Detached House (Omakotitalo) | AB52: RESIDENTIAL | AC52: 2026-06-10 | AD52: 5+ | AE52: 5h + k + wc + työh. + saunakamari + kph + s | AF52: 2026-06-10T14:04:13.588Z | AG52: Detached House (Omakotitalo) — 5h + k + wc + työh. + saunakamari + kph + s — 129 m² — Parainen Parainen | AH52: 225 | AI52: =IF(AE52="", "no info", IF(OR(ISNUMBER(SEARCH("kt", AE52)), ISNUMBER(SEARCH("avokeittiö", AE52))), "Open", IF(ISNUMBER(SEARCH("kk", AE52)), "Kitchenette", "Independent"))) -> Independent | AJ52: =IF(AE52="", "no info", IF(OR(ISNUMBER(SEARCH(" s ", AE52)), ISNUMBER(SEARCH("sauna", AE52)), ISNUMBER(SEARCH("+ s", AE52))), "YES", "NO")) -> YES | AK52: =IF(AE52="", "no info", IF(OR(ISNUMBER(SEARCH("las.p", AE52)), ISNUMBER(SEARCH("lasitettu", AE52))), "Glazed Balcony", IF(OR(ISNUMBER(SEARCH(" p ", AE52)), ISNUMBER(SEARCH("parveke", AE52))), "Standard Balcony", IF(OR(ISNUMBER(SEARCH("terassi", AE52)), ISNUMBER(SEARCH("kuisti", AE52))), "Terrace", "None")))) -> None | AL52: =IF(AE52="", "no info", IF(OR(ISNUMBER(SEARCH("2wc", AE52)), ISNUMBER(SEARCH("2xwc", AE52))), "2 Toilets", "1 Toilet")) -> 1 Toilet | AM52: =IF(AE52="", "no info", IF(OR(ISNUMBER(SEARCH("vh", AE52)), ISNUMBER(SEARCH("var", AE52))), "YES", "NO")) -> NO | AN52: =VLOOKUP(J52, 'Regions and Cities'!A:B, 2, FALSE) -> Varsinais-Suomi
A53: Framnäsintie 2 A Masala Kirkkonummi | B53: Framnäsintie 2 A | C53: Masala Kirkkonummi | D53: 4506 | E53: REMAX Classic | Casa Grande LKV Oy | F53: https://www.remax.fi/ | G53: Tiina Hakansuu | H53: 98 | I53: 1977 | J53: Kirkkonummi | K53: Masala | L53: 80511308 | M53: false | N53: https://d3ls91xgksobn.cloudfront.net/400x300/etuovimedia/images/property/import/163/2609163/0e76b9541118d347871c0e0e51d244c4/8d02a6ce5718525935d849bb1585f6b5/ORIGINAL.jpeg | O53: https://d3ls91xgksobn.cloudfront.net/1200x900/etuovimedia/images/property/import/163/2609163/0e76b9541118d347871c0e0e51d244c4/8d02a6ce5718525935d849bb1585f6b5/ORIGINAL.jpeg | P53: https://d3ls91xgksobn.cloudfront.net/1200x900/etuovimedia/images/property/import/163/2609163/0e76b9541118d347871c0e0e51d244c4/654ac3f2d1bdd78bdeac2e586b115aa1/ORIGINAL.jpeg | Q53: https://d3ls91xgksobn.cloudfront.net/1200x900/etuovimedia/images/property/import/163/2609163/0e76b9541118d347871c0e0e51d244c4/f4bbee2dfb87a0b94f8706f2e25c7548/ORIGINAL.jpeg | R53: false | S53: false | T53: 60.15173 | U53: 2609163 | V53: https://www.etuovi.com/kohde/80511308 | W53: 24.52699 | X53: 189000 | Y53: 189 000 € | AA53: Row House (Rivitalo) | AB53: RESIDENTIAL | AC53: 2026-06-10 | AD53: 4 | AE53: 4h, k, kph, s, wc, vh, terassi ja ulkovar. | AF53: 2026-06-10T14:03:46.684Z | AG53: Row House (Rivitalo) — 4h, k, kph, s, wc, vh, terassi ja ulkovar. — 98 m² — Masala Kirkkonummi | AH53: 98 | AI53: =IF(AE53="", "no info", IF(OR(ISNUMBER(SEARCH("kt", AE53)), ISNUMBER(SEARCH("avokeittiö", AE53))), "Open", IF(ISNUMBER(SEARCH("kk", AE53)), "Kitchenette", "Independent"))) -> Independent | AJ53: =IF(AE53="", "no info", IF(OR(ISNUMBER(SEARCH(" s ", AE53)), ISNUMBER(SEARCH("sauna", AE53)), ISNUMBER(SEARCH("+ s", AE53))), "YES", "NO")) -> NO | AK53: =IF(AE53="", "no info", IF(OR(ISNUMBER(SEARCH("las.p", AE53)), ISNUMBER(SEARCH("lasitettu", AE53))), "Glazed Balcony", IF(OR(ISNUMBER(SEARCH(" p ", AE53)), ISNUMBER(SEARCH("parveke", AE53))), "Standard Balcony", IF(OR(ISNUMBER(SEARCH("terassi", AE53)), ISNUMBER(SEARCH("kuisti", AE53))), "Terrace", "None")))) -> Terrace | AL53: =IF(AE53="", "no info", IF(OR(ISNUMBER(SEARCH("2wc", AE53)), ISNUMBER(SEARCH("2xwc", AE53))), "2 Toilets", "1 Toilet")) -> 1 Toilet | AM53: =IF(AE53="", "no info", IF(OR(ISNUMBER(SEARCH("vh", AE53)), ISNUMBER(SEARCH("var", AE53))), "YES", "NO")) -> YES | AN53: =VLOOKUP(J53, 'Regions and Cities'!A:B, 2, FALSE) -> Uusimaa
A54: Graniittikaari 5 A 1 Kuningattarenvuori Hanko | B54: Graniittikaari 5 A 1 | C54: Kuningattarenvuori Hanko | D54: 3706 | E54: Strand Properties Oy, Helsinki | F54: https://strandproperties.com/fi/strand-suomi/ | H54: 24 | I54: 2027 | J54: Hanko | K54: Kuningattarenvuori | L54: 20415973 | M54: false | N54: https://d3ls91xgksobn.cloudfront.net/400x300/etuovimedia/images/property/import/343/2609343/0e76b9541118d347871c0e0e51d244c4/62df9417729a588859a38166ca345fd9/ORIGINAL.jpeg | O54: https://d3ls91xgksobn.cloudfront.net/1200x900/etuovimedia/images/property/import/343/2609343/0e76b9541118d347871c0e0e51d244c4/62df9417729a588859a38166ca345fd9/ORIGINAL.jpeg | P54: https://d3ls91xgksobn.cloudfront.net/1200x900/etuovimedia/images/property/import/343/2609343/0e76b9541118d347871c0e0e51d244c4/c60bb8085898ce1a24d326b20dbacdae/ORIGINAL.jpeg | R54: true | S54: false | T54: 59.820109 | U54: 2609343 | V54: https://www.etuovi.com/kohde/20415973 | W54: 22.962164 | X54: 180000 | Y54: 180 000 € | AA54: Apartment (Kerrostalo) | AB54: RESIDENTIAL | AC54: 2026-06-10 | AD54: 1 | AE54: 1h, avok, kph, p | AF54: 2026-06-10T14:03:37.213Z | AG54: Apartment (Kerrostalo) — 1h, avok, kph, p — 24 m² — Kuningattarenvuori Hanko | AH54: 24 | AI54: =IF(AE54="", "no info", IF(OR(ISNUMBER(SEARCH("kt", AE54)), ISNUMBER(SEARCH("avokeittiö", AE54))), "Open", IF(ISNUMBER(SEARCH("kk", AE54)), "Kitchenette", "Independent"))) -> Independent | AJ54: =IF(AE54="", "no info", IF(OR(ISNUMBER(SEARCH(" s ", AE54)), ISNUMBER(SEARCH("sauna", AE54)), ISNUMBER(SEARCH("+ s", AE54))), "YES", "NO")) -> NO | AK54: =IF(AE54="", "no info", IF(OR(ISNUMBER(SEARCH("las.p", AE54)), ISNUMBER(SEARCH("lasitettu", AE54))), "Glazed Balcony", IF(OR(ISNUMBER(SEARCH(" p ", AE54)), ISNUMBER(SEARCH("parveke", AE54))), "Standard Balcony", IF(OR(ISNUMBER(SEARCH("terassi", AE54)), ISNUMBER(SEARCH("kuisti", AE54))), "Terrace", "None")))) -> None | AL54: =IF(AE54="", "no info", IF(OR(ISNUMBER(SEARCH("2wc", AE54)), ISNUMBER(SEARCH("2xwc", AE54))), "2 Toilets", "1 Toilet")) -> 1 Toilet | AM54: =IF(AE54="", "no info", IF(OR(ISNUMBER(SEARCH("vh", AE54)), ISNUMBER(SEARCH("var", AE54))), "YES", "NO")) -> NO | AN54: =VLOOKUP(J54, 'Regions and Cities'!A:B, 2, FALSE) -> Uusimaa
A55: Häähkäjoentie 45 Muhola Kinnula | B55: Häähkäjoentie 45 | C55: Muhola Kinnula | D55: 3705 | E55: OC Pohjanmaa Oy LkV | F55: https://oclkv.fi/ | H55: 144 | I55: 1950 | J55: Kinnula | K55: Muhola | L55: 80513899 | M55: false | N55: https://d3ls91xgksobn.cloudfront.net/400x300/etuovimedia/images/property/import/112/2609112/0e76b9541118d347871c0e0e51d244c4/97168f6b55551ac37af85b6bd06150cd/ORIGINAL.jpeg | O55: https://d3ls91xgksobn.cloudfront.net/1200x900/etuovimedia/images/property/import/112/2609112/0e76b9541118d347871c0e0e51d244c4/97168f6b55551ac37af85b6bd06150cd/ORIGINAL.jpeg | R55: false | S55: false | T55: 63.28619 | U55: 2609112 | V55: https://www.etuovi.com/kohde/80513899 | W55: 25.10524 | X55: 60000 | Y55: 60 000 € | AA55: Detached House (Omakotitalo) | AB55: RESIDENTIAL | AC55: 2026-06-10 | AD55: 5 | AE55: 4mh + k + tupa + aula + varastoh + ph + s | AF55: 2026-06-10T14:03:59.995Z | AG55: Detached House (Omakotitalo) — 4mh + k + tupa + aula + varastoh + ph + s — 144 m² — Muhola Kinnula | AH55: 181 | AI55: =IF(AE55="", "no info", IF(OR(ISNUMBER(SEARCH("kt", AE55)), ISNUMBER(SEARCH("avokeittiö", AE55))), "Open", IF(ISNUMBER(SEARCH("kk", AE55)), "Kitchenette", "Independent"))) -> Independent | AJ55: =IF(AE55="", "no info", IF(OR(ISNUMBER(SEARCH(" s ", AE55)), ISNUMBER(SEARCH("sauna", AE55)), ISNUMBER(SEARCH("+ s", AE55))), "YES", "NO")) -> YES | AK55: =IF(AE55="", "no info", IF(OR(ISNUMBER(SEARCH("las.p", AE55)), ISNUMBER(SEARCH("lasitettu", AE55))), "Glazed Balcony", IF(OR(ISNUMBER(SEARCH(" p ", AE55)), ISNUMBER(SEARCH("parveke", AE55))), "Standard Balcony", IF(OR(ISNUMBER(SEARCH("terassi", AE55)), ISNUMBER(SEARCH("kuisti", AE55))), "Terrace", "None")))) -> None | AL55: =IF(AE55="", "no info", IF(OR(ISNUMBER(SEARCH("2wc", AE55)), ISNUMBER(SEARCH("2xwc", AE55))), "2 Toilets", "1 Toilet")) -> 1 Toilet | AM55: =IF(AE55="", "no info", IF(OR(ISNUMBER(SEARCH("vh", AE55)), ISNUMBER(SEARCH("var", AE55))), "YES", "NO")) -> YES | AN55: =VLOOKUP(J55, 'Regions and Cities'!A:B, 2, FALSE) -> Keski-Suomi
A56: Haapakuja 3 Koivukylä Vantaa | B56: Haapakuja 3 | C56: Koivukylä Vantaa | D56: 333 | E56: Asuntosäätiö | Asuntosäätiön Asumisoikeus Oy | F56: https://www.asuntosaatio.fi | H56: 48 | I56: 1993 | J56: Vantaa | K56: Koivukylä | L56: fs3277 | M56: false | N56: https://d3ls91xgksobn.cloudfront.net/400x300/etuovimedia/images/property/import/538/2608538/0e76b9541118d347871c0e0e51d244c4/9fcdffd6204e17a01c516e0c63d88c7c/ORIGINAL.jpeg | O56: https://d3ls91xgksobn.cloudfront.net/1200x900/etuovimedia/images/property/import/538/2608538/0e76b9541118d347871c0e0e51d244c4/9fcdffd6204e17a01c516e0c63d88c7c/ORIGINAL.jpeg | R56: false | S56: false | T56: 60.323967 | U56: 2608538 | V56: https://www.etuovi.com/kohde/fs3277 | W56: 25.050999 | X56: 11685.1 | Y56: 11 685,1 € | AA56: Apartment (Kerrostalo) | AB56: RESIDENTIAL | AC56: 2026-06-09 | AD56: 2 | AE56: 2H + KK + S | AF56: 2026-06-10T14:04:35.803Z | AG56: Apartment (Kerrostalo) — 2H + KK + S — 48 m² — Koivukylä Vantaa | AI56: =IF(AE56="", "no info", IF(OR(ISNUMBER(SEARCH("kt", AE56)), ISNUMBER(SEARCH("avokeittiö", AE56))), "Open", IF(ISNUMBER(SEARCH("kk", AE56)), "Kitchenette", "Independent"))) -> Kitchenette | AJ56: =IF(AE56="", "no info", IF(OR(ISNUMBER(SEARCH(" s ", AE56)), ISNUMBER(SEARCH("sauna", AE56)), ISNUMBER(SEARCH("+ s", AE56))), "YES", "NO")) -> YES | AK56: =IF(AE56="", "no info", IF(OR(ISNUMBER(SEARCH("las.p", AE56)), ISNUMBER(SEARCH("lasitettu", AE56))), "Glazed Balcony", IF(OR(ISNUMBER(SEARCH(" p ", AE56)), ISNUMBER(SEARCH("parveke", AE56))), "Standard Balcony", IF(OR(ISNUMBER(SEARCH("terassi", AE56)), ISNUMBER(SEARCH("kuisti", AE56))), "Terrace", "None")))) -> None | AL56: =IF(AE56="", "no info", IF(OR(ISNUMBER(SEARCH("2wc", AE56)), ISNUMBER(SEARCH("2xwc", AE56))), "2 Toilets", "1 Toilet")) -> 1 Toilet | AM56: =IF(AE56="", "no info", IF(OR(ISNUMBER(SEARCH("vh", AE56)), ISNUMBER(SEARCH("var", AE56))), "YES", "NO")) -> NO | AN56: =VLOOKUP(J56, 'Regions and Cities'!A:B, 2, FALSE) -> Uusimaa
A57: Haapalahdentie 18 Paavalinvuori Muurame | B57: Haapalahdentie 18 | C57: Paavalinvuori Muurame | D57: 4612 | E57: OP Koti Sisä-Suomi Oy LKV, Jyväskylä Taulumäki | F57: https://op-koti.fi?cmpid=.opkoti..huom.1.etuovi.banner.yrityslogo.ha_jn_opkoti_valitys | G57: Hannele Aro | H57: 161 | I57: 2001 | J57: Muurame | K57: Paavalinvuori | L57: 620899 | M57: false | N57: https://d3ls91xgksobn.cloudfront.net/400x300/etuovimedia/images/property/import/649/2608649/0e76b9541118d347871c0e0e51d244c4/8132dfeacb55e04c067cb21258791b29/ORIGINAL.jpeg | O57: https://d3ls91xgksobn.cloudfront.net/1200x900/etuovimedia/images/property/import/649/2608649/0e76b9541118d347871c0e0e51d244c4/8132dfeacb55e04c067cb21258791b29/ORIGINAL.jpeg | P57: https://d3ls91xgksobn.cloudfront.net/1200x900/etuovimedia/images/property/import/649/2608649/0e76b9541118d347871c0e0e51d244c4/3bcead584084b3819868704ba244e282/ORIGINAL.jpeg | R57: false | S57: false | T57: 62.132484 | U57: 2608649 | V57: https://www.etuovi.com/kohde/620899 | W57: 25.695643 | X57: 329000 | Y57: 329 000 € | AA57: Detached House (Omakotitalo) | AB57: RESIDENTIAL | AC57: 2026-06-09 | AD57: 5+ | AE57: 6 h, k, kph, 2 wc, s, vh, | AF57: 2026-06-10T14:04:28.266Z | AG57: Detached House (Omakotitalo) — 6 h, k, kph, 2 wc, s, vh, — 161 m² — Paavalinvuori Muurame | AH57: 225 | AI57: =IF(AE57="", "no info", IF(OR(ISNUMBER(SEARCH("kt", AE57)), ISNUMBER(SEARCH("avokeittiö", AE57))), "Open", IF(ISNUMBER(SEARCH("kk", AE57)), "Kitchenette", "Independent"))) -> Independent | AJ57: =IF(AE57="", "no info", IF(OR(ISNUMBER(SEARCH(" s ", AE57)), ISNUMBER(SEARCH("sauna", AE57)), ISNUMBER(SEARCH("+ s", AE57))), "YES", "NO")) -> NO | AK57: =IF(AE57="", "no info", IF(OR(ISNUMBER(SEARCH("las.p", AE57)), ISNUMBER(SEARCH("lasitettu", AE57))), "Glazed Balcony", IF(OR(ISNUMBER(SEARCH(" p ", AE57)), ISNUMBER(SEARCH("parveke", AE57))), "Standard Balcony", IF(OR(ISNUMBER(SEARCH("terassi", AE57)), ISNUMBER(SEARCH("kuisti", AE57))), "Terrace", "None")))) -> None | AL57: =IF(AE57="", "no info", IF(OR(ISNUMBER(SEARCH("2wc", AE57)), ISNUMBER(SEARCH("2xwc", AE57))), "2 Toilets", "1 Toilet")) -> 1 Toilet | AM57: =IF(AE57="", "no info", IF(OR(ISNUMBER(SEARCH("vh", AE57)), ISNUMBER(SEARCH("var", AE57))), "YES", "NO")) -> YES | AN57: =VLOOKUP(J57, 'Regions and Cities'!A:B, 2, FALSE) -> Keski-Suomi
A58: Haapaniementie 16 A1 Haapaniemi Kuopio | B58: Haapaniementie 16 A1 | C58: Haapaniemi Kuopio | D58: 3515 | E58: Pohjola Rakennus Oy Suomi, Kuopio | F58: https://www.pohjolarakennus.fi/?utm_source=Etuovi&utm_medium=logo_klikki&utm_campaign=Etuovi | H58: 23 | I58: 2027 | J58: Kuopio | K58: Haapaniemi | L58: 70086337 | M58: false | N58: https://d3ls91xgksobn.cloudfront.net/400x300/etuovimedia/images/property/import/263/2469263/0e76b9541118d347871c0e0e51d244c4/7a1d1063b68c70d0c64391158606fbcb/ORIGINAL.jpeg | O58: https://d3ls91xgksobn.cloudfront.net/1200x900/etuovimedia/images/property/import/263/2469263/0e76b9541118d347871c0e0e51d244c4/7a1d1063b68c70d0c64391158606fbcb/ORIGINAL.jpeg | R58: true | S58: false | T58: 62.88197 | U58: 2469263 | V58: https://www.etuovi.com/kohde/70086337 | W58: 27.68074 | X58: 119900 | Y58: 119 900 € | AA58: Apartment (Kerrostalo) | AB58: RESIDENTIAL | AC58: 2026-02-06 | AD58: 1 | AE58: 1 h + kt | AF58: 2026-06-10T14:04:55.472Z | AG58: Apartment (Kerrostalo) — 1 h + kt — 23 m² — Haapaniemi Kuopio | AI58: =IF(AE58="", "no info", IF(OR(ISNUMBER(SEARCH("kt", AE58)), ISNUMBER(SEARCH("avokeittiö", AE58))), "Open", IF(ISNUMBER(SEARCH("kk", AE58)), "Kitchenette", "Independent"))) -> Open | AJ58: =IF(AE58="", "no info", IF(OR(ISNUMBER(SEARCH(" s ", AE58)), ISNUMBER(SEARCH("sauna", AE58)), ISNUMBER(SEARCH("+ s", AE58))), "YES", "NO")) -> NO | AK58: =IF(AE58="", "no info", IF(OR(ISNUMBER(SEARCH("las.p", AE58)), ISNUMBER(SEARCH("lasitettu", AE58))), "Glazed Balcony", IF(OR(ISNUMBER(SEARCH(" p ", AE58)), ISNUMBER(SEARCH("parveke", AE58))), "Standard Balcony", IF(OR(ISNUMBER(SEARCH("terassi", AE58)), ISNUMBER(SEARCH("kuisti", AE58))), "Terrace", "None")))) -> None | AL58: =IF(AE58="", "no info", IF(OR(ISNUMBER(SEARCH("2wc", AE58)), ISNUMBER(SEARCH("2xwc", AE58))), "2 Toilets", "1 Toilet")) -> 1 Toilet | AM58: =IF(AE58="", "no info", IF(OR(ISNUMBER(SEARCH("vh", AE58)), ISNUMBER(SEARCH("var", AE58))), "YES", "NO")) -> NO | AN58: =VLOOKUP(J58, 'Regions and Cities'!A:B, 2, FALSE) -> Pohjois-Savo
A59: Haapaniementie 16 A10 Haapaniemi Kuopio | B59: Haapaniementie 16 A10 | C59: Haapaniemi Kuopio | D59: 3515 | E59: Pohjola Rakennus Oy Suomi, Kuopio | F59: https://www.pohjolarakennus.fi/?utm_source=Etuovi&utm_medium=logo_klikki&utm_campaign=Etuovi | H59: 33 | I59: 2027 | J59: Kuopio | K59: Haapaniemi | L59: 70086424 | M59: false | N59: https://d3ls91xgksobn.cloudfront.net/400x300/etuovimedia/images/property/import/317/2469317/0e76b9541118d347871c0e0e51d244c4/7a1d1063b68c70d0c64391158606fbcb/ORIGINAL.jpeg | O59: https://d3ls91xgksobn.cloudfront.net/1200x900/etuovimedia/images/property/import/317/2469317/0e76b9541118d347871c0e0e51d244c4/7a1d1063b68c70d0c64391158606fbcb/ORIGINAL.jpeg | R59: true | S59: false | T59: 62.88197 | U59: 2469317 | V59: https://www.etuovi.com/kohde/70086424 | W59: 27.68074 | X59: 151900 | Y59: 151 900 € | AA59: Apartment (Kerrostalo) | AB59: RESIDENTIAL | AC59: 2026-02-06 | AD59: 2 | AE59: 2h + kt | AF59: 2026-06-10T14:04:52.773Z | AG59: Apartment (Kerrostalo) — 2h + kt — 33 m² — Haapaniemi Kuopio | AI59: =IF(AE59="", "no info", IF(OR(ISNUMBER(SEARCH("kt", AE59)), ISNUMBER(SEARCH("avokeittiö", AE59))), "Open", IF(ISNUMBER(SEARCH("kk", AE59)), "Kitchenette", "Independent"))) -> Open | AJ59: =IF(AE59="", "no info", IF(OR(ISNUMBER(SEARCH(" s ", AE59)), ISNUMBER(SEARCH("sauna", AE59)), ISNUMBER(SEARCH("+ s", AE59))), "YES", "NO")) -> NO | AK59: =IF(AE59="", "no info", IF(OR(ISNUMBER(SEARCH("las.p", AE59)), ISNUMBER(SEARCH("lasitettu", AE59))), "Glazed Balcony", IF(OR(ISNUMBER(SEARCH(" p ", AE59)), ISNUMBER(SEARCH("parveke", AE59))), "Standard Balcony", IF(OR(ISNUMBER(SEARCH("terassi", AE59)), ISNUMBER(SEARCH("kuisti", AE59))), "Terrace", "None")))) -> None | AL59: =IF(AE59="", "no info", IF(OR(ISNUMBER(SEARCH("2wc", AE59)), ISNUMBER(SEARCH("2xwc", AE59))), "2 Toilets", "1 Toilet")) -> 1 Toilet | AM59: =IF(AE59="", "no info", IF(OR(ISNUMBER(SEARCH("vh", AE59)), ISNUMBER(SEARCH("var", AE59))), "YES", "NO")) -> NO | AN59: =VLOOKUP(J59, 'Regions and Cities'!A:B, 2, FALSE) -> Pohjois-Savo
A60: Haapaniementie 16 A11 Haapaniemi Kuopio | B60: Haapaniementie 16 A11 | C60: Haapaniemi Kuopio | D60: 3515 | E60: Pohjola Rakennus Oy Suomi, Kuopio | F60: https://www.pohjolarakennus.fi/?utm_source=Etuovi&utm_medium=logo_klikki&utm_campaign=Etuovi | H60: 69.5 | I60: 2027 | J60: Kuopio | K60: Haapaniemi | L60: 70086425 | M60: false | N60: https://d3ls91xgksobn.cloudfront.net/400x300/etuovimedia/images/property/import/318/2469318/0e76b9541118d347871c0e0e51d244c4/7a1d1063b68c70d0c64391158606fbcb/ORIGINAL.jpeg | O60: https://d3ls91xgksobn.cloudfront.net/1200x900/etuovimedia/images/property/import/318/2469318/0e76b9541118d347871c0e0e51d244c4/7a1d1063b68c70d0c64391158606fbcb/ORIGINAL.jpeg | R60: true | S60: false | T60: 62.88197 | U60: 2469318 | V60: https://www.etuovi.com/kohde/70086425 | W60: 27.68074 | X60: 270900 | Y60: 270 900 € | AA60: Apartment (Kerrostalo) | AB60: RESIDENTIAL | AC60: 2026-02-06 | AD60: 3 | AE60: 3h + kt + s | AF60: 2026-06-10T14:04:52.700Z | AG60: Apartment (Kerrostalo) — 3h + kt + s — 69.5 m² — Haapaniemi Kuopio | AI60: =IF(AE60="", "no info", IF(OR(ISNUMBER(SEARCH("kt", AE60)), ISNUMBER(SEARCH("avokeittiö", AE60))), "Open", IF(ISNUMBER(SEARCH("kk", AE60)), "Kitchenette", "Independent"))) -> Open | AJ60: =IF(AE60="", "no info", IF(OR(ISNUMBER(SEARCH(" s ", AE60)), ISNUMBER(SEARCH("sauna", AE60)), ISNUMBER(SEARCH("+ s", AE60))), "YES", "NO")) -> YES | AK60: =IF(AE60="", "no info", IF(OR(ISNUMBER(SEARCH("las.p", AE60)), ISNUMBER(SEARCH("lasitettu", AE60))), "Glazed Balcony", IF(OR(ISNUMBER(SEARCH(" p ", AE60)), ISNUMBER(SEARCH("parveke", AE60))), "Standard Balcony", IF(OR(ISNUMBER(SEARCH("terassi", AE60)), ISNUMBER(SEARCH("kuisti", AE60))), "Terrace", "None")))) -> None | AL60: =IF(AE60="", "no info", IF(OR(ISNUMBER(SEARCH("2wc", AE60)), ISNUMBER(SEARCH("2xwc", AE60))), "2 Toilets", "1 Toilet")) -> 1 Toilet | AM60: =IF(AE60="", "no info", IF(OR(ISNUMBER(SEARCH("vh", AE60)), ISNUMBER(SEARCH("var", AE60))), "YES", "NO")) -> NO | AN60: =VLOOKUP(J60, 'Regions and Cities'!A:B, 2, FALSE) -> Pohjois-Savo
A61: Haapaniementie 16 A12 Haapaniemi Kuopio | B61: Haapaniementie 16 A12 | C61: Haapaniemi Kuopio | D61: 3515 | E61: Pohjola Rakennus Oy Suomi, Kuopio | F61: https://www.pohjolarakennus.fi/?utm_source=Etuovi&utm_medium=logo_klikki&utm_campaign=Etuovi | H61: 54 | I61: 2027 | J61: Kuopio | K61: Haapaniemi | L61: 70086426 | M61: false | N61: https://d3ls91xgksobn.cloudfront.net/400x300/etuovimedia/images/property/import/349/2469349/0e76b9541118d347871c0e0e51d244c4/7a1d1063b68c70d0c64391158606fbcb/ORIGINAL.jpeg | O61: https://d3ls91xgksobn.cloudfront.net/1200x900/etuovimedia/images/property/import/349/2469349/0e76b9541118d347871c0e0e51d244c4/7a1d1063b68c70d0c64391158606fbcb/ORIGINAL.jpeg | R61: true | S61: false | T61: 62.88197 | U61: 2469349 | V61: https://www.etuovi.com/kohde/70086426 | W61: 27.68074 | X61: 224900 | Y61: 224 900 € | AA61: Apartment (Kerrostalo) | AB61: RESIDENTIAL | AC61: 2026-02-06 | AD61: 3 | AE61: 2-3h + kt + s | AF61: 2026-06-10T14:04:52.682Z | AG61: Apartment (Kerrostalo) — 2-3h + kt + s — 54 m² — Haapaniemi Kuopio | AI61: =IF(AE61="", "no info", IF(OR(ISNUMBER(SEARCH("kt", AE61)), ISNUMBER(SEARCH("avokeittiö", AE61))), "Open", IF(ISNUMBER(SEARCH("kk", AE61)), "Kitchenette", "Independent"))) -> Open | AJ61: =IF(AE61="", "no info", IF(OR(ISNUMBER(SEARCH(" s ", AE61)), ISNUMBER(SEARCH("sauna", AE61)), ISNUMBER(SEARCH("+ s", AE61))), "YES", "NO")) -> YES | AK61: =IF(AE61="", "no info", IF(OR(ISNUMBER(SEARCH("las.p", AE61)), ISNUMBER(SEARCH("lasitettu", AE61))), "Glazed Balcony", IF(OR(ISNUMBER(SEARCH(" p ", AE61)), ISNUMBER(SEARCH("parveke", AE61))), "Standard Balcony", IF(OR(ISNUMBER(SEARCH("terassi", AE61)), ISNUMBER(SEARCH("kuisti", AE61))), "Terrace", "None")))) -> None | AL61: =IF(AE61="", "no info", IF(OR(ISNUMBER(SEARCH("2wc", AE61)), ISNUMBER(SEARCH("2xwc", AE61))), "2 Toilets", "1 Toilet")) -> 1 Toilet | AM61: =IF(AE61="", "no info", IF(OR(ISNUMBER(SEARCH("vh", AE61)), ISNUMBER(SEARCH("var", AE61))), "YES", "NO")) -> NO | AN61: =VLOOKUP(J61, 'Regions and Cities'!A:B, 2, FALSE) -> Pohjois-Savo
A62: Haapaniementie 16 A13 Haapaniemi Kuopio | B62: Haapaniementie 16 A13 | C62: Haapaniemi Kuopio | D62: 3515 | E62: Pohjola Rakennus Oy Suomi, Kuopio | F62: https://www.pohjolarakennus.fi/?utm_source=Etuovi&utm_medium=logo_klikki&utm_campaign=Etuovi | H62: 23 | I62: 2027 | J62: Kuopio | K62: Haapaniemi | L62: 70086427 | M62: false | N62: https://d3ls91xgksobn.cloudfront.net/400x300/etuovimedia/images/property/import/350/2469350/0e76b9541118d347871c0e0e51d244c4/7a1d1063b68c70d0c64391158606fbcb/ORIGINAL.jpeg | O62: https://d3ls91xgksobn.cloudfront.net/1200x900/etuovimedia/images/property/import/350/2469350/0e76b9541118d347871c0e0e51d244c4/7a1d1063b68c70d0c64391158606fbcb/ORIGINAL.jpeg | R62: true | S62: false | T62: 62.88197 | U62: 2469350 | V62: https://www.etuovi.com/kohde/70086427 | W62: 27.68074 | X62: 125900 | Y62: 125 900 € | AA62: Apartment (Kerrostalo) | AB62: RESIDENTIAL | AC62: 2026-02-06 | AD62: 1 | AE62: 1h + kt | AF62: 2026-06-10T14:04:52.667Z | AG62: Apartment (Kerrostalo) — 1h + kt — 23 m² — Haapaniemi Kuopio | AI62: =IF(AE62="", "no info", IF(OR(ISNUMBER(SEARCH("kt", AE62)), ISNUMBER(SEARCH("avokeittiö", AE62))), "Open", IF(ISNUMBER(SEARCH("kk", AE62)), "Kitchenette", "Independent"))) -> Open | AJ62: =IF(AE62="", "no info", IF(OR(ISNUMBER(SEARCH(" s ", AE62)), ISNUMBER(SEARCH("sauna", AE62)), ISNUMBER(SEARCH("+ s", AE62))), "YES", "NO")) -> NO | AK62: =IF(AE62="", "no info", IF(OR(ISNUMBER(SEARCH("las.p", AE62)), ISNUMBER(SEARCH("lasitettu", AE62))), "Glazed Balcony", IF(OR(ISNUMBER(SEARCH(" p ", AE62)), ISNUMBER(SEARCH("parveke", AE62))), "Standard Balcony", IF(OR(ISNUMBER(SEARCH("terassi", AE62)), ISNUMBER(SEARCH("kuisti", AE62))), "Terrace", "None")))) -> None | AL62: =IF(AE62="", "no info", IF(OR(ISNUMBER(SEARCH("2wc", AE62)), ISNUMBER(SEARCH("2xwc", AE62))), "2 Toilets", "1 Toilet")) -> 1 Toilet | AM62: =IF(AE62="", "no info", IF(OR(ISNUMBER(SEARCH("vh", AE62)), ISNUMBER(SEARCH("var", AE62))), "YES", "NO")) -> NO | AN62: =VLOOKUP(J62, 'Regions and Cities'!A:B, 2, FALSE) -> Pohjois-Savo
A63: Haapaniementie 16 A14 Haapaniemi Kuopio | B63: Haapaniementie 16 A14 | C63: Haapaniemi Kuopio | D63: 3515 | E63: Pohjola Rakennus Oy Suomi, Kuopio | F63: https://www.pohjolarakennus.fi/?utm_source=Etuovi&utm_medium=logo_klikki&utm_campaign=Etuovi | H63: 60 | I63: 2027 | J63: Kuopio | K63: Haapaniemi | L63: 70086428 | M63: false | N63: https://d3ls91xgksobn.cloudfront.net/400x300/etuovimedia/images/property/import/529/2469529/0e76b9541118d347871c0e0e51d244c4/7a1d1063b68c70d0c64391158606fbcb/ORIGINAL.jpeg | O63: https://d3ls91xgksobn.cloudfront.net/1200x900/etuovimedia/images/property/import/529/2469529/0e76b9541118d347871c0e0e51d244c4/7a1d1063b68c70d0c64391158606fbcb/ORIGINAL.jpeg | R63: true | S63: false | T63: 62.88197 | U63: 2469529 | V63: https://www.etuovi.com/kohde/70086428 | W63: 27.68074 | X63: 259900 | Y63: 259 900 € | AA63: Apartment (Kerrostalo) | AB63: RESIDENTIAL | AC63: 2026-02-06 | AD63: 3 | AE63: 3h + kt + s | AF63: 2026-06-10T14:04:52.564Z | AG63: Apartment (Kerrostalo) — 3h + kt + s — 60 m² — Haapaniemi Kuopio | AI63: =IF(AE63="", "no info", IF(OR(ISNUMBER(SEARCH("kt", AE63)), ISNUMBER(SEARCH("avokeittiö", AE63))), "Open", IF(ISNUMBER(SEARCH("kk", AE63)), "Kitchenette", "Independent"))) -> Open | AJ63: =IF(AE63="", "no info", IF(OR(ISNUMBER(SEARCH(" s ", AE63)), ISNUMBER(SEARCH("sauna", AE63)), ISNUMBER(SEARCH("+ s", AE63))), "YES", "NO")) -> YES | AK63: =IF(AE63="", "no info", IF(OR(ISNUMBER(SEARCH("las.p", AE63)), ISNUMBER(SEARCH("lasitettu", AE63))), "Glazed Balcony", IF(OR(ISNUMBER(SEARCH(" p ", AE63)), ISNUMBER(SEARCH("parveke", AE63))), "Standard Balcony", IF(OR(ISNUMBER(SEARCH("terassi", AE63)), ISNUMBER(SEARCH("kuisti", AE63))), "Terrace", "None")))) -> None | AL63: =IF(AE63="", "no info", IF(OR(ISNUMBER(SEARCH("2wc", AE63)), ISNUMBER(SEARCH("2xwc", AE63))), "2 Toilets", "1 Toilet")) -> 1 Toilet | AM63: =IF(AE63="", "no info", IF(OR(ISNUMBER(SEARCH("vh", AE63)), ISNUMBER(SEARCH("var", AE63))), "YES", "NO")) -> NO | AN63: =VLOOKUP(J63, 'Regions and Cities'!A:B, 2, FALSE) -> Pohjois-Savo
A64: Haapaniementie 16 A15 Haapaniemi Kuopio | B64: Haapaniementie 16 A15 | C64: Haapaniemi Kuopio | D64: 3515 | E64: Pohjola Rakennus Oy Suomi, Kuopio | F64: https://www.pohjolarakennus.fi/?utm_source=Etuovi&utm_medium=logo_klikki&utm_campaign=Etuovi | H64: 49.5 | I64: 2027 | J64: Kuopio | K64: Haapaniemi | L64: 70086429 | M64: false | N64: https://d3ls91xgksobn.cloudfront.net/400x300/etuovimedia/images/property/import/530/2469530/0e76b9541118d347871c0e0e51d244c4/7a1d1063b68c70d0c64391158606fbcb/ORIGINAL.jpeg | O64: https://d3ls91xgksobn.cloudfront.net/1200x900/etuovimedia/images/property/import/530/2469530/0e76b9541118d347871c0e0e51d244c4/7a1d1063b68c70d0c64391158606fbcb/ORIGINAL.jpeg | R64: true | S64: false | T64: 62.88197 | U64: 2469530 | V64: https://www.etuovi.com/kohde/70086429 | W64: 27.68074 | X64: 219900 | Y64: 219 900 € | AA64: Apartment (Kerrostalo) | AB64: RESIDENTIAL | AC64: 2026-02-06 | AD64: 2 | AE64: 2h + kt + s | AF64: 2026-06-10T14:04:52.551Z | AG64: Apartment (Kerrostalo) — 2h + kt + s — 49.5 m² — Haapaniemi Kuopio | AI64: =IF(AE64="", "no info", IF(OR(ISNUMBER(SEARCH("kt", AE64)), ISNUMBER(SEARCH("avokeittiö", AE64))), "Open", IF(ISNUMBER(SEARCH("kk", AE64)), "Kitchenette", "Independent"))) -> Open | AJ64: =IF(AE64="", "no info", IF(OR(ISNUMBER(SEARCH(" s ", AE64)), ISNUMBER(SEARCH("sauna", AE64)), ISNUMBER(SEARCH("+ s", AE64))), "YES", "NO")) -> YES | AK64: =IF(AE64="", "no info", IF(OR(ISNUMBER(SEARCH("las.p", AE64)), ISNUMBER(SEARCH("lasitettu", AE64))), "Glazed Balcony", IF(OR(ISNUMBER(SEARCH(" p ", AE64)), ISNUMBER(SEARCH("parveke", AE64))), "Standard Balcony", IF(OR(ISNUMBER(SEARCH("terassi", AE64)), ISNUMBER(SEARCH("kuisti", AE64))), "Terrace", "None")))) -> None | AL64: =IF(AE64="", "no info", IF(OR(ISNUMBER(SEARCH("2wc", AE64)), ISNUMBER(SEARCH("2xwc", AE64))), "2 Toilets", "1 Toilet")) -> 1 Toilet | AM64: =IF(AE64="", "no info", IF(OR(ISNUMBER(SEARCH("vh", AE64)), ISNUMBER(SEARCH("var", AE64))), "YES", "NO")) -> NO | AN64: =VLOOKUP(J64, 'Regions and Cities'!A:B, 2, FALSE) -> Pohjois-Savo
A65: Haapaniementie 16 A16 Haapaniemi Kuopio | B65: Haapaniementie 16 A16 | C65: Haapaniemi Kuopio | D65: 3515 | E65: Pohjola Rakennus Oy Suomi, Kuopio | F65: https://www.pohjolarakennus.fi/?utm_source=Etuovi&utm_medium=logo_klikki&utm_campaign=Etuovi | H65: 33 | I65: 2027 | J65: Kuopio | K65: Haapaniemi | L65: 70086430 | M65: false | N65: https://d3ls91xgksobn.cloudfront.net/400x300/etuovimedia/images/property/import/567/2469567/0e76b9541118d347871c0e0e51d244c4/7a1d1063b68c70d0c64391158606fbcb/ORIGINAL.jpeg | O65: https://d3ls91xgksobn.cloudfront.net/1200x900/etuovimedia/images/property/import/567/2469567/0e76b9541118d347871c0e0e51d244c4/7a1d1063b68c70d0c64391158606fbcb/ORIGINAL.jpeg | R65: true | S65: false | T65: 62.88197 | U65: 2469567 | V65: https://www.etuovi.com/kohde/70086430 | W65: 27.68074 | X65: 154900 | Y65: 154 900 € | AA65: Apartment (Kerrostalo) | AB65: RESIDENTIAL | AC65: 2026-02-06 | AD65: 2 | AE65: 2h + kt | AF65: 2026-06-10T14:04:52.492Z | AG65: Apartment (Kerrostalo) — 2h + kt — 33 m² — Haapaniemi Kuopio | AI65: =IF(AE65="", "no info", IF(OR(ISNUMBER(SEARCH("kt", AE65)), ISNUMBER(SEARCH("avokeittiö", AE65))), "Open", IF(ISNUMBER(SEARCH("kk", AE65)), "Kitchenette", "Independent"))) -> Open | AJ65: =IF(AE65="", "no info", IF(OR(ISNUMBER(SEARCH(" s ", AE65)), ISNUMBER(SEARCH("sauna", AE65)), ISNUMBER(SEARCH("+ s", AE65))), "YES", "NO")) -> NO | AK65: =IF(AE65="", "no info", IF(OR(ISNUMBER(SEARCH("las.p", AE65)), ISNUMBER(SEARCH("lasitettu", AE65))), "Glazed Balcony", IF(OR(ISNUMBER(SEARCH(" p ", AE65)), ISNUMBER(SEARCH("parveke", AE65))), "Standard Balcony", IF(OR(ISNUMBER(SEARCH("terassi", AE65)), ISNUMBER(SEARCH("kuisti", AE65))), "Terrace", "None")))) -> None | AL65: =IF(AE65="", "no info", IF(OR(ISNUMBER(SEARCH("2wc", AE65)), ISNUMBER(SEARCH("2xwc", AE65))), "2 Toilets", "1 Toilet")) -> 1 Toilet | AM65: =IF(AE65="", "no info", IF(OR(ISNUMBER(SEARCH("vh", AE65)), ISNUMBER(SEARCH("var", AE65))), "YES", "NO")) -> NO | AN65: =VLOOKUP(J65, 'Regions and Cities'!A:B, 2, FALSE) -> Pohjois-Savo
A66: Haapaniementie 16 A17 Haapaniemi Kuopio | B66: Haapaniementie 16 A17 | C66: Haapaniemi Kuopio | D66: 3515 | E66: Pohjola Rakennus Oy Suomi, Kuopio | F66: https://www.pohjolarakennus.fi/?utm_source=Etuovi&utm_medium=logo_klikki&utm_campaign=Etuovi | H66: 69.5 | I66: 2027 | J66: Kuopio | K66: Haapaniemi | L66: 70086431 | M66: false | N66: https://d3ls91xgksobn.cloudfront.net/400x300/etuovimedia/images/property/import/566/2469566/0e76b9541118d347871c0e0e51d244c4/7a1d1063b68c70d0c64391158606fbcb/ORIGINAL.jpeg | O66: https://d3ls91xgksobn.cloudfront.net/1200x900/etuovimedia/images/property/import/566/2469566/0e76b9541118d347871c0e0e51d244c4/7a1d1063b68c70d0c64391158606fbcb/ORIGINAL.jpeg | R66: true | S66: false | T66: 62.88197 | U66: 2469566 | V66: https://www.etuovi.com/kohde/70086431 | W66: 27.68074 | X66: 274900 | Y66: 274 900 € | AA66: Apartment (Kerrostalo) | AB66: RESIDENTIAL | AC66: 2026-02-06 | AD66: 3 | AE66: 3h + kt + s | AF66: 2026-06-10T14:04:52.513Z | AG66: Apartment (Kerrostalo) — 3h + kt + s — 69.5 m² — Haapaniemi Kuopio | AI66: =IF(AE66="", "no info", IF(OR(ISNUMBER(SEARCH("kt", AE66)), ISNUMBER(SEARCH("avokeittiö", AE66))), "Open", IF(ISNUMBER(SEARCH("kk", AE66)), "Kitchenette", "Independent"))) -> Open | AJ66: =IF(AE66="", "no info", IF(OR(ISNUMBER(SEARCH(" s ", AE66)), ISNUMBER(SEARCH("sauna", AE66)), ISNUMBER(SEARCH("+ s", AE66))), "YES", "NO")) -> YES | AK66: =IF(AE66="", "no info", IF(OR(ISNUMBER(SEARCH("las.p", AE66)), ISNUMBER(SEARCH("lasitettu", AE66))), "Glazed Balcony", IF(OR(ISNUMBER(SEARCH(" p ", AE66)), ISNUMBER(SEARCH("parveke", AE66))), "Standard Balcony", IF(OR(ISNUMBER(SEARCH("terassi", AE66)), ISNUMBER(SEARCH("kuisti", AE66))), "Terrace", "None")))) -> None | AL66: =IF(AE66="", "no info", IF(OR(ISNUMBER(SEARCH("2wc", AE66)), ISNUMBER(SEARCH("2xwc", AE66))), "2 Toilets", "1 Toilet")) -> 1 Toilet | AM66: =IF(AE66="", "no info", IF(OR(ISNUMBER(SEARCH("vh", AE66)), ISNUMBER(SEARCH("var", AE66))), "YES", "NO")) -> NO | AN66: =VLOOKUP(J66, 'Regions and Cities'!A:B, 2, FALSE) -> Pohjois-Savo
A67: Haapaniementie 16 A18 Haapaniemi Kuopio | B67: Haapaniementie 16 A18 | C67: Haapaniemi Kuopio | D67: 3515 | E67: Pohjola Rakennus Oy Suomi, Kuopio | F67: https://www.pohjolarakennus.fi/?utm_source=Etuovi&utm_medium=logo_klikki&utm_campaign=Etuovi | H67: 54 | I67: 2027 | J67: Kuopio | K67: Haapaniemi | L67: 70086432 | M67: false | N67: https://d3ls91xgksobn.cloudfront.net/400x300/etuovimedia/images/property/import/568/2469568/0e76b9541118d347871c0e0e51d244c4/7a1d1063b68c70d0c64391158606fbcb/ORIGINAL.jpeg | O67: https://d3ls91xgksobn.cloudfront.net/1200x900/etuovimedia/images/property/import/568/2469568/0e76b9541118d347871c0e0e51d244c4/7a1d1063b68c70d0c64391158606fbcb/ORIGINAL.jpeg | R67: true | S67: false | T67: 62.88197 | U67: 2469568 | V67: https://www.etuovi.com/kohde/70086432 | W67: 27.68074 | X67: 229900 | Y67: 229 900 € | AA67: Apartment (Kerrostalo) | AB67: RESIDENTIAL | AC67: 2026-02-06 | AD67: 3 | AE67: 2-3h + kt + s | AF67: 2026-06-10T14:04:52.470Z | AG67: Apartment (Kerrostalo) — 2-3h + kt + s — 54 m² — Haapaniemi Kuopio | AI67: =IF(AE67="", "no info", IF(OR(ISNUMBER(SEARCH("kt", AE67)), ISNUMBER(SEARCH("avokeittiö", AE67))), "Open", IF(ISNUMBER(SEARCH("kk", AE67)), "Kitchenette", "Independent"))) -> Open | AJ67: =IF(AE67="", "no info", IF(OR(ISNUMBER(SEARCH(" s ", AE67)), ISNUMBER(SEARCH("sauna", AE67)), ISNUMBER(SEARCH("+ s", AE67))), "YES", "NO")) -> YES | AK67: =IF(AE67="", "no info", IF(OR(ISNUMBER(SEARCH("las.p", AE67)), ISNUMBER(SEARCH("lasitettu", AE67))), "Glazed Balcony", IF(OR(ISNUMBER(SEARCH(" p ", AE67)), ISNUMBER(SEARCH("parveke", AE67))), "Standard Balcony", IF(OR(ISNUMBER(SEARCH("terassi", AE67)), ISNUMBER(SEARCH("kuisti", AE67))), "Terrace", "None")))) -> None | AL67: =IF(AE67="", "no info", IF(OR(ISNUMBER(SEARCH("2wc", AE67)), ISNUMBER(SEARCH("2xwc", AE67))), "2 Toilets", "1 Toilet")) -> 1 Toilet | AM67: =IF(AE67="", "no info", IF(OR(ISNUMBER(SEARCH("vh", AE67)), ISNUMBER(SEARCH("var", AE67))), "YES", "NO")) -> NO | AN67: =VLOOKUP(J67, 'Regions and Cities'!A:B, 2, FALSE) -> Pohjois-Savo
A68: Haapaniementie 16 A19 Haapaniemi Kuopio | B68: Haapaniementie 16 A19 | C68: Haapaniemi Kuopio | D68: 3515 | E68: Pohjola Rakennus Oy Suomi, Kuopio | F68: https://www.pohjolarakennus.fi/?utm_source=Etuovi&utm_medium=logo_klikki&utm_campaign=Etuovi | H68: 23 | I68: 2027 | J68: Kuopio | K68: Haapaniemi | L68: 70086433 | M68: false | N68: https://d3ls91xgksobn.cloudfront.net/400x300/etuovimedia/images/property/import/569/2469569/0e76b9541118d347871c0e0e51d244c4/7a1d1063b68c70d0c64391158606fbcb/ORIGINAL.jpeg | O68: https://d3ls91xgksobn.cloudfront.net/1200x900/etuovimedia/images/property/import/569/2469569/0e76b9541118d347871c0e0e51d244c4/7a1d1063b68c70d0c64391158606fbcb/ORIGINAL.jpeg | R68: true | S68: false | T68: 62.88197 | U68: 2469569 | V68: https://www.etuovi.com/kohde/70086433 | W68: 27.68074 | X68: 129900 | Y68: 129 900 € | AA68: Apartment (Kerrostalo) | AB68: RESIDENTIAL | AC68: 2026-02-06 | AD68: 1 | AE68: 1h + kt | AF68: 2026-06-10T14:04:52.369Z | AG68: Apartment (Kerrostalo) — 1h + kt — 23 m² — Haapaniemi Kuopio | AI68: =IF(AE68="", "no info", IF(OR(ISNUMBER(SEARCH("kt", AE68)), ISNUMBER(SEARCH("avokeittiö", AE68))), "Open", IF(ISNUMBER(SEARCH("kk", AE68)), "Kitchenette", "Independent"))) -> Open | AJ68: =IF(AE68="", "no info", IF(OR(ISNUMBER(SEARCH(" s ", AE68)), ISNUMBER(SEARCH("sauna", AE68)), ISNUMBER(SEARCH("+ s", AE68))), "YES", "NO")) -> NO | AK68: =IF(AE68="", "no info", IF(OR(ISNUMBER(SEARCH("las.p", AE68)), ISNUMBER(SEARCH("lasitettu", AE68))), "Glazed Balcony", IF(OR(ISNUMBER(SEARCH(" p ", AE68)), ISNUMBER(SEARCH("parveke", AE68))), "Standard Balcony", IF(OR(ISNUMBER(SEARCH("terassi", AE68)), ISNUMBER(SEARCH("kuisti", AE68))), "Terrace", "None")))) -> None | AL68: =IF(AE68="", "no info", IF(OR(ISNUMBER(SEARCH("2wc", AE68)), ISNUMBER(SEARCH("2xwc", AE68))), "2 Toilets", "1 Toilet")) -> 1 Toilet | AM68: =IF(AE68="", "no info", IF(OR(ISNUMBER(SEARCH("vh", AE68)), ISNUMBER(SEARCH("var", AE68))), "YES", "NO")) -> NO | AN68: =VLOOKUP(J68, 'Regions and Cities'!A:B, 2, FALSE) -> Pohjois-Savo
A69: Haapaniementie 16 A2 Haapaniemi Kuopio | B69: Haapaniementie 16 A2 | C69: Haapaniemi Kuopio | D69: 3515 | E69: Pohjola Rakennus Oy Suomi, Kuopio | F69: https://www.pohjolarakennus.fi/?utm_source=Etuovi&utm_medium=logo_klikki&utm_campaign=Etuovi | H69: 60 | I69: 2027 | J69: Kuopio | K69: Haapaniemi | L69: 70086416 | M69: false | N69: https://d3ls91xgksobn.cloudfront.net/400x300/etuovimedia/images/property/import/262/2469262/0e76b9541118d347871c0e0e51d244c4/7a1d1063b68c70d0c64391158606fbcb/ORIGINAL.jpeg | O69: https://d3ls91xgksobn.cloudfront.net/1200x900/etuovimedia/images/property/import/262/2469262/0e76b9541118d347871c0e0e51d244c4/7a1d1063b68c70d0c64391158606fbcb/ORIGINAL.jpeg | R69: true | S69: false | T69: 62.88197 | U69: 2469262 | V69: https://www.etuovi.com/kohde/70086416 | W69: 27.68074 | X69: 249900 | Y69: 249 900 € | AA69: Apartment (Kerrostalo) | AB69: RESIDENTIAL | AC69: 2026-02-06 | AD69: 3 | AE69: 3h + kt + s | AF69: 2026-06-10T14:04:55.490Z | AG69: Apartment (Kerrostalo) — 3h + kt + s — 60 m² — Haapaniemi Kuopio | AI69: =IF(AE69="", "no info", IF(OR(ISNUMBER(SEARCH("kt", AE69)), ISNUMBER(SEARCH("avokeittiö", AE69))), "Open", IF(ISNUMBER(SEARCH("kk", AE69)), "Kitchenette", "Independent"))) -> Open | AJ69: =IF(AE69="", "no info", IF(OR(ISNUMBER(SEARCH(" s ", AE69)), ISNUMBER(SEARCH("sauna", AE69)), ISNUMBER(SEARCH("+ s", AE69))), "YES", "NO")) -> YES | AK69: =IF(AE69="", "no info", IF(OR(ISNUMBER(SEARCH("las.p", AE69)), ISNUMBER(SEARCH("lasitettu", AE69))), "Glazed Balcony", IF(OR(ISNUMBER(SEARCH(" p ", AE69)), ISNUMBER(SEARCH("parveke", AE69))), "Standard Balcony", IF(OR(ISNUMBER(SEARCH("terassi", AE69)), ISNUMBER(SEARCH("kuisti", AE69))), "Terrace", "None")))) -> None | AL69: =IF(AE69="", "no info", IF(OR(ISNUMBER(SEARCH("2wc", AE69)), ISNUMBER(SEARCH("2xwc", AE69))), "2 Toilets", "1 Toilet")) -> 1 Toilet | AM69: =IF(AE69="", "no info", IF(OR(ISNUMBER(SEARCH("vh", AE69)), ISNUMBER(SEARCH("var", AE69))), "YES", "NO")) -> NO | AN69: =VLOOKUP(J69, 'Regions and Cities'!A:B, 2, FALSE) -> Pohjois-Savo
... A88: Haapaniementie 16 A9 Haapaniemi Kuopio | B88: Haapaniementie 16 A9 | C88: Haapaniemi Kuopio | D88: 3515 | E88: Pohjola Rakennus Oy Suomi, Kuopio | F88: https://www.pohjolarakennus.fi/?utm_source=Etuovi&utm_medium=logo_klikki&utm_campaign=Etuovi | H88: 49.5 | I88: 2027 | J88: Kuopio | K88: Haapaniemi | L88: 70086423 | M88: false | N88: https://d3ls91xgksobn.cloudfront.net/400x300/etuovimedia/images/property/import/316/2469316/0e76b9541118d347871c0e0e51d244c4/7a1d1063b68c70d0c64391158606fbcb/ORIGINAL.jpeg | O88: https://d3ls91xgksobn.cloudfront.net/1200x900/etuovimedia/images/property/import/316/2469316/0e76b9541118d347871c0e0e51d244c4/7a1d1063b68c70d0c64391158606fbcb/ORIGINAL.jpeg | R88: true | S88: false | T88: 62.88197 | U88: 2469316 | V88: https://www.etuovi.com/kohde/70086423 | W88: 27.68074 | X88: 214900 | Y88: 214 900 € | AA88: Apartment (Kerrostalo) | AB88: RESIDENTIAL | AC88: 2026-02-06 | AD88: 2 | AE88: 2h + kt + s | AF88: 2026-06-10T14:04:52.787Z | AG88: Apartment (Kerrostalo) — 2h + kt + s — 49.5 m² — Haapaniemi Kuopio | AI88: =IF(AE88="", "no info", IF(OR(ISNUMBER(SEARCH("kt", AE88)), ISNUMBER(SEARCH("avokeittiö", AE88))), "Open", IF(ISNUMBER(SEARCH("kk", AE88)), "Kitchenette", "Independent"))) -> Open | AJ88: =IF(AE88="", "no info", IF(OR(ISNUMBER(SEARCH(" s ", AE88)), ISNUMBER(SEARCH("sauna", AE88)), ISNUMBER(SEARCH("+ s", AE88))), "YES", "NO")) -> YES | AK88: =IF(AE88="", "no info", IF(OR(ISNUMBER(SEARCH("las.p", AE88)), ISNUMBER(SEARCH("lasitettu", AE88))), "Glazed Balcony", IF(OR(ISNUMBER(SEARCH(" p ", AE88)), ISNUMBER(SEARCH("parveke", AE88))), "Standard Balcony", IF(OR(ISNUMBER(SEARCH("terassi", AE88)), ISNUMBER(SEARCH("kuisti", AE88))), "Terrace", "None")))) -> None | AL88: =IF(AE88="", "no info", IF(OR(ISNUMBER(SEARCH("2wc", AE88)), ISNUMBER(SEARCH("2xwc", AE88))), "2 Toilets", "1 Toilet")) -> 1 Toilet | AM88: =IF(AE88="", "no info", IF(OR(ISNUMBER(SEARCH("vh", AE88)), ISNUMBER(SEARCH("var", AE88))), "YES", "NO")) -> NO | AN88: =VLOOKUP(J88, 'Regions and Cities'!A:B, 2, FALSE) -> Pohjois-Savo
A89: Haarakastie 27 Litmanen Kuopio | B89: Haarakastie 27 | C89: Litmanen Kuopio | D89: 1705 | E89: Sp-Koti | Kallaveden Kiinteistöasiantuntijat Oy LKV | F89: http://www.sp-koti.fi/ | H89: 85 | I89: 2022 | J89: Kuopio | K89: Litmanen | L89: 80511977 | M89: false | N89: https://d3ls91xgksobn.cloudfront.net/400x300/etuovimedia/images/property/import/517/2609517/0e76b9541118d347871c0e0e51d244c4/1d113adcc7fc4c9ef9db8bb7510498e4/ORIGINAL.jpeg | O89: https://d3ls91xgksobn.cloudfront.net/1200x900/etuovimedia/images/property/import/517/2609517/0e76b9541118d347871c0e0e51d244c4/1d113adcc7fc4c9ef9db8bb7510498e4/ORIGINAL.jpeg | R89: false | S89: false | T89: 62.83156 | U89: 2609517 | V89: https://www.etuovi.com/kohde/80511977 | W89: 27.62961 | X89: 269000 | Y89: 269 000 € | AA89: Detached House (Omakotitalo) | AB89: RESIDENTIAL | AC89: 2026-06-10 | AD89: 4 | AE89: 4h, k, s + autokatos | AF89: 2026-06-10T14:03:16.459Z | AG89: Detached House (Omakotitalo) — 4h, k, s + autokatos — 85 m² — Litmanen Kuopio | AH89: 100 | AI89: =IF(AE89="", "no info", IF(OR(ISNUMBER(SEARCH("kt", AE89)), ISNUMBER(SEARCH("avokeittiö", AE89))), "Open", IF(ISNUMBER(SEARCH("kk", AE89)), "Kitchenette", "Independent"))) -> Independent | AJ89: =IF(AE89="", "no info", IF(OR(ISNUMBER(SEARCH(" s ", AE89)), ISNUMBER(SEARCH("sauna", AE89)), ISNUMBER(SEARCH("+ s", AE89))), "YES", "NO")) -> YES | AK89: =IF(AE89="", "no info", IF(OR(ISNUMBER(SEARCH("las.p", AE89)), ISNUMBER(SEARCH("lasitettu", AE89))), "Glazed Balcony", IF(OR(ISNUMBER(SEARCH(" p ", AE89)), ISNUMBER(SEARCH("parveke", AE89))), "Standard Balcony", IF(OR(ISNUMBER(SEARCH("terassi", AE89)), ISNUMBER(SEARCH("kuisti", AE89))), "Terrace", "None")))) -> None | AL89: =IF(AE89="", "no info", IF(OR(ISNUMBER(SEARCH("2wc", AE89)), ISNUMBER(SEARCH("2xwc", AE89))), "2 Toilets", "1 Toilet")) -> 1 Toilet | AM89: =IF(AE89="", "no info", IF(OR(ISNUMBER(SEARCH("vh", AE89)), ISNUMBER(SEARCH("var", AE89))), "YES", "NO")) -> NO | AN89: =VLOOKUP(J89, 'Regions and Cities'!A:B, 2, FALSE) -> Pohjois-Savo
A90: Hahlo 3 Tourula Jyväskylä | B90: Hahlo 3 | C90: Tourula Jyväskylä | D90: 863 | E90: TA-Asumisoikeus Oy | F90: http://www.ta.fi/ | H90: 60.5 | I90: 2026 | J90: Jyväskylä | K90: Tourula | L90: fn2933 | M90: false | N90: https://d3ls91xgksobn.cloudfront.net/400x300/etuovimedia/images/property/import/221/2592221/0e76b9541118d347871c0e0e51d244c4/7f7dfb14f7673fc7e33fc81b4ffce8e5/ORIGINAL.jpeg | O90: https://d3ls91xgksobn.cloudfront.net/1200x900/etuovimedia/images/property/import/221/2592221/0e76b9541118d347871c0e0e51d244c4/7f7dfb14f7673fc7e33fc81b4ffce8e5/ORIGINAL.jpeg | R90: true | S90: false | T90: 62.2474 | U90: 2592221 | V90: https://www.etuovi.com/kohde/fn2933 | W90: 25.7636 | X90: 40253 | Y90: 40 253 € | AA90: Apartment (Kerrostalo) | AB90: RESIDENTIAL | AC90: 2026-05-28 | AD90: 3 | AE90: 3h + kt | AF90: 2026-06-10T14:04:01.453Z | AG90: Apartment (Kerrostalo) — 3h + kt — 60.5 m² — Tourula Jyväskylä | AI90: =IF(AE90="", "no info", IF(OR(ISNUMBER(SEARCH("kt", AE90)), ISNUMBER(SEARCH("avokeittiö", AE90))), "Open", IF(ISNUMBER(SEARCH("kk", AE90)), "Kitchenette", "Independent"))) -> Open | AJ90: =IF(AE90="", "no info", IF(OR(ISNUMBER(SEARCH(" s ", AE90)), ISNUMBER(SEARCH("sauna", AE90)), ISNUMBER(SEARCH("+ s", AE90))), "YES", "NO")) -> NO | AK90: =IF(AE90="", "no info", IF(OR(ISNUMBER(SEARCH("las.p", AE90)), ISNUMBER(SEARCH("lasitettu", AE90))), "Glazed Balcony", IF(OR(ISNUMBER(SEARCH(" p ", AE90)), ISNUMBER(SEARCH("parveke", AE90))), "Standard Balcony", IF(OR(ISNUMBER(SEARCH("terassi", AE90)), ISNUMBER(SEARCH("kuisti", AE90))), "Terrace", "None")))) -> None | AL90: =IF(AE90="", "no info", IF(OR(ISNUMBER(SEARCH("2wc", AE90)), ISNUMBER(SEARCH("2xwc", AE90))), "2 Toilets", "1 Toilet")) -> 1 Toilet | AM90: =IF(AE90="", "no info", IF(OR(ISNUMBER(SEARCH("vh", AE90)), ISNUMBER(SEARCH("var", AE90))), "YES", "NO")) -> NO | AN90: =VLOOKUP(J90, 'Regions and Cities'!A:B, 2, FALSE) -> Keski-Suomi
A91: Haikaranportti 4 A Laaksolahti Espoo | B91: Haikaranportti 4 A | C91: Laaksolahti Espoo | D91: 903 | E91: Prime House Oy LKV | F91: http://www.primehouse.fi/ | H91: 50.5 | I91: 2009 | J91: Espoo | K91: Laaksolahti | L91: 37478116 | M91: false | N91: https://d3ls91xgksobn.cloudfront.net/400x300/etuovimedia/images/property/import/360/2608360/0e76b9541118d347871c0e0e51d244c4/519f31ed1d37b4dd3dabd9bf889e46a2/ORIGINAL.jpeg | O91: https://d3ls91xgksobn.cloudfront.net/1200x900/etuovimedia/images/property/import/360/2608360/0e76b9541118d347871c0e0e51d244c4/519f31ed1d37b4dd3dabd9bf889e46a2/ORIGINAL.jpeg | R91: false | S91: false | T91: 60.23221 | U91: 2608360 | V91: https://www.etuovi.com/kohde/37478116 | W91: 24.754104 | X91: 169000 | Y91: 169 000 € | AA91: Apartment (Kerrostalo) | AB91: RESIDENTIAL | AC91: 2026-06-09 | AD91: 2 | AE91: 2h, avok, ph / wc, s + lasitettu parveke | AF91: 2026-06-10T14:04:55.551Z | AG91: Apartment (Kerrostalo) — 2h, avok, ph / wc, s + lasitettu parveke — 50.5 m² — Laaksolahti Espoo | AI91: =IF(AE91="", "no info", IF(OR(ISNUMBER(SEARCH("kt", AE91)), ISNUMBER(SEARCH("avokeittiö", AE91))), "Open", IF(ISNUMBER(SEARCH("kk", AE91)), "Kitchenette", "Independent"))) -> Independent | AJ91: =IF(AE91="", "no info", IF(OR(ISNUMBER(SEARCH(" s ", AE91)), ISNUMBER(SEARCH("sauna", AE91)), ISNUMBER(SEARCH("+ s", AE91))), "YES", "NO")) -> YES | AK91: =IF(AE91="", "no info", IF(OR(ISNUMBER(SEARCH("las.p", AE91)), ISNUMBER(SEARCH("lasitettu", AE91))), "Glazed Balcony", IF(OR(ISNUMBER(SEARCH(" p ", AE91)), ISNUMBER(SEARCH("parveke", AE91))), "Standard Balcony", IF(OR(ISNUMBER(SEARCH("terassi", AE91)), ISNUMBER(SEARCH("kuisti", AE91))), "Terrace", "None")))) -> Glazed Balcony | AL91: =IF(AE91="", "no info", IF(OR(ISNUMBER(SEARCH("2wc", AE91)), ISNUMBER(SEARCH("2xwc", AE91))), "2 Toilets", "1 Toilet")) -> 1 Toilet | AM91: =IF(AE91="", "no info", IF(OR(ISNUMBER(SEARCH("vh", AE91)), ISNUMBER(SEARCH("var", AE91))), "YES", "NO")) -> NO | AN91: =VLOOKUP(J91, 'Regions and Cities'!A:B, 2, FALSE) -> Uusimaa
A92: Hailuodontie 1181b Varjakka Oulu | B92: Hailuodontie 1181b | C92: Varjakka Oulu | D92: 1016 | E92: AsuntoFocus Oy LKV | F92: https://www.asuntofocus.fi/ | H92: 130.5 | I92: 1991 | J92: Oulu | K92: Varjakka | L92: 80488894 | M92: false | N92: https://d3ls91xgksobn.cloudfront.net/400x300/etuovimedia/images/property/import/658/2485658/0e76b9541118d347871c0e0e51d244c4/2062277f23c3bae7a2b9e0994085903a/ORIGINAL.jpeg | O92: https://d3ls91xgksobn.cloudfront.net/1200x900/etuovimedia/images/property/import/658/2485658/0e76b9541118d347871c0e0e51d244c4/2062277f23c3bae7a2b9e0994085903a/ORIGINAL.jpeg | R92: false | S92: false | T92: 64.98021 | U92: 2485658 | V92: https://www.etuovi.com/kohde/80488894 | W92: 25.27369 | X92: 172000 | Y92: 172 000 € | AA92: Detached House (Omakotitalo) | AB92: RESIDENTIAL | AC92: 2026-02-25 | AD92: 4 | AE92: 4h + k + khh + s | AF92: 2026-06-10T14:04:13.433Z | AG92: Detached House (Omakotitalo) — 4h + k + khh + s — 130.5 m² — Varjakka Oulu | AH92: 210.5 | AI92: =IF(AE92="", "no info", IF(OR(ISNUMBER(SEARCH("kt", AE92)), ISNUMBER(SEARCH("avokeittiö", AE92))), "Open", IF(ISNUMBER(SEARCH("kk", AE92)), "Kitchenette", "Independent"))) -> Independent | AJ92: =IF(AE92="", "no info", IF(OR(ISNUMBER(SEARCH(" s ", AE92)), ISNUMBER(SEARCH("sauna", AE92)), ISNUMBER(SEARCH("+ s", AE92))), "YES", "NO")) -> YES | AK92: =IF(AE92="", "no info", IF(OR(ISNUMBER(SEARCH("las.p", AE92)), ISNUMBER(SEARCH("lasitettu", AE92))), "Glazed Balcony", IF(OR(ISNUMBER(SEARCH(" p ", AE92)), ISNUMBER(SEARCH("parveke", AE92))), "Standard Balcony", IF(OR(ISNUMBER(SEARCH("terassi", AE92)), ISNUMBER(SEARCH("kuisti", AE92))), "Terrace", "None")))) -> None | AL92: =IF(AE92="", "no info", IF(OR(ISNUMBER(SEARCH("2wc", AE92)), ISNUMBER(SEARCH("2xwc", AE92))), "2 Toilets", "1 Toilet")) -> 1 Toilet | AM92: =IF(AE92="", "no info", IF(OR(ISNUMBER(SEARCH("vh", AE92)), ISNUMBER(SEARCH("var", AE92))), "YES", "NO")) -> NO | AN92: =VLOOKUP(J92, 'Regions and Cities'!A:B, 2, FALSE) -> Pohjois-Pohjanmaa
A93: Hakamäentie 82 Hakamäki Salo | B93: Hakamäentie 82 | C93: Hakamäki Salo | D93: 891 | E93: Huoneistosalo Oy LKV | H93: 195 | J93: Salo | K93: Hakamäki | L93: 21556210 | M93: true | N93: https://d3ls91xgksobn.cloudfront.net/400x300/etuovimedia/images/property/import/744/1980744/0e76b9541118d347871c0e0e51d244c4/26656f55751e84e1dbdf4debf789a2b0/ORIGINAL.jpeg | O93: https://d3ls91xgksobn.cloudfront.net/1200x900/etuovimedia/images/property/import/744/1980744/0e76b9541118d347871c0e0e51d244c4/26656f55751e84e1dbdf4debf789a2b0/ORIGINAL.jpeg | R93: false | S93: false | T93: 60.352356 | U93: 1980744 | V93: https://www.etuovi.com/kohde/21556210 | W93: 23.099969 | X93: 210000 | Y93: 210 000 € | AA93: Detached House (Omakotitalo) | AB93: RESIDENTIAL | AC93: 2024-08-21 | AD93: 5+ | AE93: 6h + k + khh + s + kph + 2wc | AF93: 2026-06-10T14:03:23.251Z | AG93: Detached House (Omakotitalo) — 6h + k + khh + s + kph + 2wc — 195 m² — Hakamäki Salo | AH93: 263 | AI93: =IF(AE93="", "no info", IF(OR(ISNUMBER(SEARCH("kt", AE93)), ISNUMBER(SEARCH("avokeittiö", AE93))), "Open", IF(ISNUMBER(SEARCH("kk", AE93)), "Kitchenette", "Independent"))) -> Independent | AJ93: =IF(AE93="", "no info", IF(OR(ISNUMBER(SEARCH(" s ", AE93)), ISNUMBER(SEARCH("sauna", AE93)), ISNUMBER(SEARCH("+ s", AE93))), "YES", "NO")) -> YES | AK93: =IF(AE93="", "no info", IF(OR(ISNUMBER(SEARCH("las.p", AE93)), ISNUMBER(SEARCH("lasitettu", AE93))), "Glazed Balcony", IF(OR(ISNUMBER(SEARCH(" p ", AE93)), ISNUMBER(SEARCH("parveke", AE93))), "Standard Balcony", IF(OR(ISNUMBER(SEARCH("terassi", AE93)), ISNUMBER(SEARCH("kuisti", AE93))), "Terrace", "None")))) -> None | AL93: =IF(AE93="", "no info", IF(OR(ISNUMBER(SEARCH("2wc", AE93)), ISNUMBER(SEARCH("2xwc", AE93))), "2 Toilets", "1 Toilet")) -> 2 Toilets | AM93: =IF(AE93="", "no info", IF(OR(ISNUMBER(SEARCH("vh", AE93)), ISNUMBER(SEARCH("var", AE93))), "YES", "NO")) -> NO | AN93: =VLOOKUP(J93, 'Regions and Cities'!A:B, 2, FALSE) -> Varsinais-Suomi
A94: Hakamäki 2 Tapiola Espoo | B94: Hakamäki 2 | C94: Tapiola Espoo | D94: 3441 | E94: Kiinteistömaailma Helsinki Etu-Töölö | Adream Kantakaupungin Kodit Oy | F94: http://www.kiinteistomaailma.fi/ | H94: 98 | I94: 1963 | J94: Espoo | K94: Tapiola | L94: 54761387 | M94: false | N94: https://d3ls91xgksobn.cloudfront.net/400x300/etuovimedia/images/property/import/445/2609445/0e76b9541118d347871c0e0e51d244c4/2d0d32a61c3ef9f45fb8903c6eb22462/ORIGINAL.jpeg | O94: https://d3ls91xgksobn.cloudfront.net/1200x900/etuovimedia/images/property/import/445/2609445/0e76b9541118d347871c0e0e51d244c4/2d0d32a61c3ef9f45fb8903c6eb22462/ORIGINAL.jpeg | R94: false | S94: false | T94: 60.172125 | U94: 2609445 | V94: https://www.etuovi.com/kohde/54761387 | W94: 24.793331 | X94: 430000 | Y94: 430 000 € | AA94: Apartment (Kerrostalo) | AB94: RESIDENTIAL | AC94: 2026-06-10 | AD94: 5 | AE94: 5h, k, kph / wc, wc, eteinen, parveke | AF94: 2026-06-10T14:03:23.068Z | AG94: Apartment (Kerrostalo) — 5h, k, kph / wc, wc, eteinen, parveke — 98 m² — Tapiola Espoo | AH94: 98 | AI94: =IF(AE94="", "no info", IF(OR(ISNUMBER(SEARCH("kt", AE94)), ISNUMBER(SEARCH("avokeittiö", AE94))), "Open", IF(ISNUMBER(SEARCH("kk", AE94)), "Kitchenette", "Independent"))) -> Independent | AJ94: =IF(AE94="", "no info", IF(OR(ISNUMBER(SEARCH(" s ", AE94)), ISNUMBER(SEARCH("sauna", AE94)), ISNUMBER(SEARCH("+ s", AE94))), "YES", "NO")) -> NO | AK94: =IF(AE94="", "no info", IF(OR(ISNUMBER(SEARCH("las.p", AE94)), ISNUMBER(SEARCH("lasitettu", AE94))), "Glazed Balcony", IF(OR(ISNUMBER(SEARCH(" p ", AE94)), ISNUMBER(SEARCH("parveke", AE94))), "Standard Balcony", IF(OR(ISNUMBER(SEARCH("terassi", AE94)), ISNUMBER(SEARCH("kuisti", AE94))), "Terrace", "None")))) -> Standard Balcony | AL94: =IF(AE94="", "no info", IF(OR(ISNUMBER(SEARCH("2wc", AE94)), ISNUMBER(SEARCH("2xwc", AE94))), "2 Toilets", "1 Toilet")) -> 1 Toilet | AM94: =IF(AE94="", "no info", IF(OR(ISNUMBER(SEARCH("vh", AE94)), ISNUMBER(SEARCH("var", AE94))), "YES", "NO")) -> NO | AN94: =VLOOKUP(J94, 'Regions and Cities'!A:B, 2, FALSE) -> Uusimaa
A95: Hakasuonrinne 1 Ylästö Vantaa | B95: Hakasuonrinne 1 | C95: Ylästö Vantaa | D95: 3021 | E95: Boucht & Ekman LKV Oy | F95: https://www.bekoti.fi/etusivu | H95: 130 | I95: 2020 | J95: Vantaa | K95: Ylästö | L95: 21503172 | M95: false | N95: https://d3ls91xgksobn.cloudfront.net/400x300/etuovimedia/images/property/import/829/2608829/0e76b9541118d347871c0e0e51d244c4/6ee1653d1dd81ae3d590d34e1bc95bc2/ORIGINAL.jpeg | O95: https://d3ls91xgksobn.cloudfront.net/1200x900/etuovimedia/images/property/import/829/2608829/0e76b9541118d347871c0e0e51d244c4/6ee1653d1dd81ae3d590d34e1bc95bc2/ORIGINAL.jpeg | R95: false | S95: false | T95: 60.28533 | U95: 2608829 | V95: https://www.etuovi.com/kohde/21503172 | W95: 24.912984 | X95: 668000 | Y95: 668 000 € | AA95: Detached House (Omakotitalo) | AB95: RESIDENTIAL | AC95: 2026-06-10 | AD95: 5 | AE95: 5h, k, rt, kph, s, khh | AF95: 2026-06-10T14:04:14.166Z | AG95: Detached House (Omakotitalo) — 5h, k, rt, kph, s, khh — 130 m² — Ylästö Vantaa | AH95: 140 | AI95: =IF(AE95="", "no info", IF(OR(ISNUMBER(SEARCH("kt", AE95)), ISNUMBER(SEARCH("avokeittiö", AE95))), "Open", IF(ISNUMBER(SEARCH("kk", AE95)), "Kitchenette", "Independent"))) -> Independent | AJ95: =IF(AE95="", "no info", IF(OR(ISNUMBER(SEARCH(" s ", AE95)), ISNUMBER(SEARCH("sauna", AE95)), ISNUMBER(SEARCH("+ s", AE95))), "YES", "NO")) -> NO | AK95: =IF(AE95="", "no info", IF(OR(ISNUMBER(SEARCH("las.p", AE95)), ISNUMBER(SEARCH("lasitettu", AE95))), "Glazed Balcony", IF(OR(ISNUMBER(SEARCH(" p ", AE95)), ISNUMBER(SEARCH("parveke", AE95))), "Standard Balcony", IF(OR(ISNUMBER(SEARCH("terassi", AE95)), ISNUMBER(SEARCH("kuisti", AE95))), "Terrace", "None")))) -> None | AL95: =IF(AE95="", "no info", IF(OR(ISNUMBER(SEARCH("2wc", AE95)), ISNUMBER(SEARCH("2xwc", AE95))), "2 Toilets", "1 Toilet")) -> 1 Toilet | AM95: =IF(AE95="", "no info", IF(OR(ISNUMBER(SEARCH("vh", AE95)), ISNUMBER(SEARCH("var", AE95))), "YES", "NO")) -> NO | AN95: =VLOOKUP(J95, 'Regions and Cities'!A:B, 2, FALSE) -> Uusimaa
A96: Hakatie 5 D Keskusta Kokemäki | B96: Hakatie 5 D | C96: Keskusta Kokemäki | D96: 423 | E96: OP Koti Satapirkka Oy LKV, Huittinen | F96: https://op-koti.fi?cmpid=.opkoti..huom.1.etuovi.banner.yrityslogo.ha_jn_opkoti_valitys | H96: 91 | I96: 1972 | J96: Kokemäki | K96: Keskusta | L96: 621250 | M96: false | N96: https://d3ls91xgksobn.cloudfront.net/400x300/etuovimedia/images/property/import/434/2609434/0e76b9541118d347871c0e0e51d244c4/cc43ca7543378a34565d9b462b36b48a/ORIGINAL.jpeg | O96: https://d3ls91xgksobn.cloudfront.net/1200x900/etuovimedia/images/property/import/434/2609434/0e76b9541118d347871c0e0e51d244c4/cc43ca7543378a34565d9b462b36b48a/ORIGINAL.jpeg | R96: false | S96: false | T96: 61.256801 | U96: 2609434 | V96: https://www.etuovi.com/kohde/621250 | W96: 22.336983 | X96: 25000 | Y96: 25 000 € | AA96: Apartment (Kerrostalo) | AB96: RESIDENTIAL | AC96: 2026-06-10 | AD96: 4 | AE96: 4h + k | AF96: 2026-06-10T14:03:23.525Z | AG96: Apartment (Kerrostalo) — 4h + k — 91 m² — Keskusta Kokemäki | AH96: 91 | AI96: =IF(AE96="", "no info", IF(OR(ISNUMBER(SEARCH("kt", AE96)), ISNUMBER(SEARCH("avokeittiö", AE96))), "Open", IF(ISNUMBER(SEARCH("kk", AE96)), "Kitchenette", "Independent"))) -> Independent | AJ96: =IF(AE96="", "no info", IF(OR(ISNUMBER(SEARCH(" s ", AE96)), ISNUMBER(SEARCH("sauna", AE96)), ISNUMBER(SEARCH("+ s", AE96))), "YES", "NO")) -> NO | AK96: =IF(AE96="", "no info", IF(OR(ISNUMBER(SEARCH("las.p", AE96)), ISNUMBER(SEARCH("lasitettu", AE96))), "Glazed Balcony", IF(OR(ISNUMBER(SEARCH(" p ", AE96)), ISNUMBER(SEARCH("parveke", AE96))), "Standard Balcony", IF(OR(ISNUMBER(SEARCH("terassi", AE96)), ISNUMBER(SEARCH("kuisti", AE96))), "Terrace", "None")))) -> None | AL96: =IF(AE96="", "no info", IF(OR(ISNUMBER(SEARCH("2wc", AE96)), ISNUMBER(SEARCH("2xwc", AE96))), "2 Toilets", "1 Toilet")) -> 1 Toilet | AM96: =IF(AE96="", "no info", IF(OR(ISNUMBER(SEARCH("vh", AE96)), ISNUMBER(SEARCH("var", AE96))), "YES", "NO")) -> NO | AN96: =VLOOKUP(J96, 'Regions and Cities'!A:B, 2, FALSE) -> Satakunta
A97: Hakatie 8 A Sääksjärvi Lempäälä | B97: Hakatie 8 A | C97: Sääksjärvi Lempäälä | D97: 4599 | E97: REMAX Koski | Norra Partners Kiinteistönvälitys Oy | F97: https://www.remax.fi/ | G97: Juha Tsutsunen | H97: 59 | I97: 1990 | J97: Lempäälä | K97: Sääksjärvi | L97: 80515959 | M97: true | N97: https://d3ls91xgksobn.cloudfront.net/400x300/etuovimedia/images/property/import/592/2609592/0e76b9541118d347871c0e0e51d244c4/961857a48f4d4daaf586c5a159bcf542/ORIGINAL.jpeg | O97: https://d3ls91xgksobn.cloudfront.net/1200x900/etuovimedia/images/property/import/592/2609592/0e76b9541118d347871c0e0e51d244c4/961857a48f4d4daaf586c5a159bcf542/ORIGINAL.jpeg | P97: https://d3ls91xgksobn.cloudfront.net/1200x900/etuovimedia/images/property/import/592/2609592/0e76b9541118d347871c0e0e51d244c4/19da0fe82b626ba8abeacc6cb92d3a19/ORIGINAL.jpeg | Q97: https://d3ls91xgksobn.cloudfront.net/1200x900/etuovimedia/images/property/import/592/2609592/0e76b9541118d347871c0e0e51d244c4/a41d3d26aec3efcf86a2f0391b54c262/ORIGINAL.jpeg | R97: false | S97: false | T97: 61.42307 | U97: 2609592 | V97: https://www.etuovi.com/kohde/80515959 | W97: 23.74027 | X97: 78000 | Y97: 78 000 € | AA97: Balcony Access Block (Luhtitalo) | AB97: RESIDENTIAL | AC97: 2026-06-10 | AD97: 2 | AE97: 2h + k + s + kph + erillinen wc + vh + lasitettu parveke | AF97: 2026-06-10T14:03:06.481Z | AG97: Balcony Access Block (Luhtitalo) — 2h + k + s + kph + erillinen wc + vh + lasitettu parveke — 59 m² — Sääksjärvi Lempäälä | AH97: 59 | AI97: =IF(AE97="", "no info", IF(OR(ISNUMBER(SEARCH("kt", AE97)), ISNUMBER(SEARCH("avokeittiö", AE97))), "Open", IF(ISNUMBER(SEARCH("kk", AE97)), "Kitchenette", "Independent"))) -> Independent | AJ97: =IF(AE97="", "no info", IF(OR(ISNUMBER(SEARCH(" s ", AE97)), ISNUMBER(SEARCH("sauna", AE97)), ISNUMBER(SEARCH("+ s", AE97))), "YES", "NO")) -> YES | AK97: =IF(AE97="", "no info", IF(OR(ISNUMBER(SEARCH("las.p", AE97)), ISNUMBER(SEARCH("lasitettu", AE97))), "Glazed Balcony", IF(OR(ISNUMBER(SEARCH(" p ", AE97)), ISNUMBER(SEARCH("parveke", AE97))), "Standard Balcony", IF(OR(ISNUMBER(SEARCH("terassi", AE97)), ISNUMBER(SEARCH("kuisti", AE97))), "Terrace", "None")))) -> Glazed Balcony | AL97: =IF(AE97="", "no info", IF(OR(ISNUMBER(SEARCH("2wc", AE97)), ISNUMBER(SEARCH("2xwc", AE97))), "2 Toilets", "1 Toilet")) -> 1 Toilet | AM97: =IF(AE97="", "no info", IF(OR(ISNUMBER(SEARCH("vh", AE97)), ISNUMBER(SEARCH("var", AE97))), "YES", "NO")) -> YES | AN97: =VLOOKUP(J97, 'Regions and Cities'!A:B, 2, FALSE) -> Pirkanmaa
A98: Hakolahdenkuja 4 A Myllykallio, Lauttasaari Helsinki | B98: Hakolahdenkuja 4 A | C98: Myllykallio, Lauttasaari Helsinki | D98: 4473 | E98: Sp-Koti | Asuntohorisontti Oy | F98: http://www.sp-koti.fi/ | H98: 30 | I98: 1960 | J98: Helsinki | K98: Myllykallio, Lauttasaari | L98: 80506379 | M98: false | N98: https://d3ls91xgksobn.cloudfront.net/400x300/etuovimedia/images/property/import/370/2608370/0e76b9541118d347871c0e0e51d244c4/32202efe63c26948d3ce4693b27b13be/ORIGINAL.jpeg | O98: https://d3ls91xgksobn.cloudfront.net/1200x900/etuovimedia/images/property/import/370/2608370/0e76b9541118d347871c0e0e51d244c4/32202efe63c26948d3ce4693b27b13be/ORIGINAL.jpeg | R98: false | S98: false | T98: 60.15762 | U98: 2608370 | V98: https://www.etuovi.com/kohde/80506379 | W98: 24.85893 | X98: 219000 | Y98: 219 000 € | AA98: Balcony Access Block (Luhtitalo) | AB98: RESIDENTIAL | AC98: 2026-06-09 | AD98: 1 | AE98: 1h + k | AF98: 2026-06-10T14:04:51.810Z | AG98: Balcony Access Block (Luhtitalo) — 1h + k — 30 m² — Myllykallio, Lauttasaari Helsinki | AH98: 30 | AI98: =IF(AE98="", "no info", IF(OR(ISNUMBER(SEARCH("kt", AE98)), ISNUMBER(SEARCH("avokeittiö", AE98))), "Open", IF(ISNUMBER(SEARCH("kk", AE98)), "Kitchenette", "Independent"))) -> Independent | AJ98: =IF(AE98="", "no info", IF(OR(ISNUMBER(SEARCH(" s ", AE98)), ISNUMBER(SEARCH("sauna", AE98)), ISNUMBER(SEARCH("+ s", AE98))), "YES", "NO")) -> NO | AK98: =IF(AE98="", "no info", IF(OR(ISNUMBER(SEARCH("las.p", AE98)), ISNUMBER(SEARCH("lasitettu", AE98))), "Glazed Balcony", IF(OR(ISNUMBER(SEARCH(" p ", AE98)), ISNUMBER(SEARCH("parveke", AE98))), "Standard Balcony", IF(OR(ISNUMBER(SEARCH("terassi", AE98)), ISNUMBER(SEARCH("kuisti", AE98))), "Terrace", "None")))) -> None | AL98: =IF(AE98="", "no info", IF(OR(ISNUMBER(SEARCH("2wc", AE98)), ISNUMBER(SEARCH("2xwc", AE98))), "2 Toilets", "1 Toilet")) -> 1 Toilet | AM98: =IF(AE98="", "no info", IF(OR(ISNUMBER(SEARCH("vh", AE98)), ISNUMBER(SEARCH("var", AE98))), "YES", "NO")) -> NO | AN98: =VLOOKUP(J98, 'Regions and Cities'!A:B, 2, FALSE) -> Uusimaa
A99: Halkoniemenkuja 1 Halkoniemi Tampere | B99: Halkoniemenkuja 1 | C99: Halkoniemi Tampere | D99: 3627 | E99: Herrainmäki | VIP - Make It Happen Oy | F99: https://www.herrainmaki.fi/ | G99: Oksanen Virpi | H99: 71 | I99: 2019 | J99: Tampere | K99: Halkoniemi | L99: 21497631 | M99: false | N99: https://d3ls91xgksobn.cloudfront.net/400x300/etuovimedia/images/property/import/261/2597261/0e76b9541118d347871c0e0e51d244c4/2d284fe0084fcc5bf4a5c4be80504c25/ORIGINAL.jpeg | O99: https://d3ls91xgksobn.cloudfront.net/1200x900/etuovimedia/images/property/import/261/2597261/0e76b9541118d347871c0e0e51d244c4/2d284fe0084fcc5bf4a5c4be80504c25/ORIGINAL.jpeg | P99: https://d3ls91xgksobn.cloudfront.net/1200x900/etuovimedia/images/property/import/261/2597261/0e76b9541118d347871c0e0e51d244c4/83f7262b98c7909ff823d30ec6635b14/ORIGINAL.jpeg | R99: false | S99: false | T99: 61.526917 | U99: 2597261 | V99: https://www.etuovi.com/kohde/21497631 | W99: 23.705791 | X99: 339000 | Y99: 339 000 € | AA99: Balcony Access Block (Luhtitalo) | AB99: RESIDENTIAL | AC99: 2026-06-01 | AD99: 3 | AE99: 3h, k, kph / wc, s, erill.wc, lasit.ter. | AF99: 2026-06-10T14:04:10.069Z | AG99: Balcony Access Block (Luhtitalo) — 3h, k, kph / wc, s, erill.wc, lasit.ter. — 71 m² — Halkoniemi Tampere | AH99: 71 | AI99: =IF(AE99="", "no info", IF(OR(ISNUMBER(SEARCH("kt", AE99)), ISNUMBER(SEARCH("avokeittiö", AE99))), "Open", IF(ISNUMBER(SEARCH("kk", AE99)), "Kitchenette", "Independent"))) -> Independent | AJ99: =IF(AE99="", "no info", IF(OR(ISNUMBER(SEARCH(" s ", AE99)), ISNUMBER(SEARCH("sauna", AE99)), ISNUMBER(SEARCH("+ s", AE99))), "YES", "NO")) -> NO | AK99: =IF(AE99="", "no info", IF(OR(ISNUMBER(SEARCH("las.p", AE99)), ISNUMBER(SEARCH("lasitettu", AE99))), "Glazed Balcony", IF(OR(ISNUMBER(SEARCH(" p ", AE99)), ISNUMBER(SEARCH("parveke", AE99))), "Standard Balcony", IF(OR(ISNUMBER(SEARCH("terassi", AE99)), ISNUMBER(SEARCH("kuisti", AE99))), "Terrace", "None")))) -> None | AL99: =IF(AE99="", "no info", IF(OR(ISNUMBER(SEARCH("2wc", AE99)), ISNUMBER(SEARCH("2xwc", AE99))), "2 Toilets", "1 Toilet")) -> 1 Toilet | AM99: =IF(AE99="", "no info", IF(OR(ISNUMBER(SEARCH("vh", AE99)), ISNUMBER(SEARCH("var", AE99))), "YES", "NO")) -> NO | AN99: =VLOOKUP(J99, 'Regions and Cities'!A:B, 2, FALSE) -> Pirkanmaa
A100: Hallikuja 3 Keskusta Kempele | B100: Hallikuja 3 | C100: Keskusta Kempele | D100: 11 | E100: Habita Oulu | Pohjois-Suomen Habita Oy | F100: https://www.habita.com/fi | H100: 75 | I100: 2003 | J100: Kempele | K100: Keskusta | L100: 2275395 | M100: false | N100: https://d3ls91xgksobn.cloudfront.net/400x300/etuovimedia/images/property/import/483/2609483/0e76b9541118d347871c0e0e51d244c4/817b84c524c87038bb35265a1beb1652/ORIGINAL.jpeg | O100: https://d3ls91xgksobn.cloudfront.net/1200x900/etuovimedia/images/property/import/483/2609483/0e76b9541118d347871c0e0e51d244c4/817b84c524c87038bb35265a1beb1652/ORIGINAL.jpeg | R100: false | S100: false | T100: 64.912928 | U100: 2609483 | V100: https://www.etuovi.com/kohde/2275395 | W100: 25.503484 | X100: 136000 | Y100: 136 000 € | AA100: Apartment (Kerrostalo) | AB100: RESIDENTIAL | AC100: 2026-06-10 | AD100: 3 | AE100: Kempele Rt 3h, k, s | AF100: 2026-06-10T14:03:20.069Z | AG100: Apartment (Kerrostalo) — Kempele Rt 3h, k, s — 75 m² — Keskusta Kempele | AH100: 75 | AI100: =IF(AE100="", "no info", IF(OR(ISNUMBER(SEARCH("kt", AE100)), ISNUMBER(SEARCH("avokeittiö", AE100))), "Open", IF(ISNUMBER(SEARCH("kk", AE100)), "Kitchenette", "Independent"))) -> Independent | AJ100: =IF(AE100="", "no info", IF(OR(ISNUMBER(SEARCH(" s ", AE100)), ISNUMBER(SEARCH("sauna", AE100)), ISNUMBER(SEARCH("+ s", AE100))), "YES", "NO")) -> NO | AK100: =IF(AE100="", "no info", IF(OR(ISNUMBER(SEARCH("las.p", AE100)), ISNUMBER(SEARCH("lasitettu", AE100))), "Glazed Balcony", IF(OR(ISNUMBER(SEARCH(" p ", AE100)), ISNUMBER(SEARCH("parveke", AE100))), "Standard Balcony", IF(OR(ISNUMBER(SEARCH("terassi", AE100)), ISNUMBER(SEARCH("kuisti", AE100))), "Terrace", "None")))) -> None | AL100: =IF(AE100="", "no info", IF(OR(ISNUMBER(SEARCH("2wc", AE100)), ISNUMBER(SEARCH("2xwc", AE100))), "2 Toilets", "1 Toilet")) -> 1 Toilet | AM100: =IF(AE100="", "no info", IF(OR(ISNUMBER(SEARCH("vh", AE100)), ISNUMBER(SEARCH("var", AE100))), "YES", "NO")) -> NO | AN100: =VLOOKUP(J100, 'Regions and Cities'!A:B, 2, FALSE) -> Pohjois-Pohjanmaa
A101: Hämeenlinnankatu 4 Suvilahti Vaasa | B101: Hämeenlinnankatu 4 | C101: Suvilahti Vaasa | D101: 2802 | E101: Kiinteistönvälitys Living LKV Oy | F101: https://www.livinglkv.fi/ | H101: 110 | I101: 1974 | J101: Vaasa | K101: Suvilahti | L101: 21219627 | M101: false | N101: https://d3ls91xgksobn.cloudfront.net/400x300/etuovimedia/images/property/import/176/2609176/0e76b9541118d347871c0e0e51d244c4/e20d397b4d56618d43fe95638a260935/ORIGINAL.jpeg | O101: https://d3ls91xgksobn.cloudfront.net/1200x900/etuovimedia/images/property/import/176/2609176/0e76b9541118d347871c0e0e51d244c4/e20d397b4d56618d43fe95638a260935/ORIGINAL.jpeg | R101: false | S101: false | T101: 63.074066 | U101: 2609176 | V101: https://www.etuovi.com/kohde/21219627 | W101: 21.658009 | X101: 105000 | Y101: 105 000 € | AA101: Apartment (Kerrostalo) | AB101: RESIDENTIAL | AC101: 2026-06-10 | AD101: 5 | AE101: 5h, k | AF101: 2026-06-10T14:03:46.480Z | AG101: Apartment (Kerrostalo) — 5h, k — 110 m² — Suvilahti Vaasa | AH101: 110 | AI101: =IF(AE101="", "no info", IF(OR(ISNUMBER(SEARCH("kt", AE101)), ISNUMBER(SEARCH("avokeittiö", AE101))), "Open", IF(ISNUMBER(SEARCH("kk", AE101)), "Kitchenette", "Independent"))) -> Independent | AJ101: =IF(AE101="", "no info", IF(OR(ISNUMBER(SEARCH(" s ", AE101)), ISNUMBER(SEARCH("sauna", AE101)), ISNUMBER(SEARCH("+ s", AE101))), "YES", "NO")) -> NO | AK101: =IF(AE101="", "no info", IF(OR(ISNUMBER(SEARCH("las.p", AE101)), ISNUMBER(SEARCH("lasitettu", AE101))), "Glazed Balcony", IF(OR(ISNUMBER(SEARCH(" p ", AE101)), ISNUMBER(SEARCH("parveke", AE101))), "Standard Balcony", IF(OR(ISNUMBER(SEARCH("terassi", AE101)), ISNUMBER(SEARCH("kuisti", AE101))), "Terrace", "None")))) -> None | AL101: =IF(AE101="", "no info", IF(OR(ISNUMBER(SEARCH("2wc", AE101)), ISNUMBER(SEARCH("2xwc", AE101))), "2 Toilets", "1 Toilet")) -> 1 Toilet | AM101: =IF(AE101="", "no info", IF(OR(ISNUMBER(SEARCH("vh", AE101)), ISNUMBER(SEARCH("var", AE101))), "YES", "NO")) -> NO | AN101: =VLOOKUP(J101, 'Regions and Cities'!A:B, 2, FALSE) -> Pohjanmaa
A102: Hämeenpuisto 27 Keskusta Tampere | B102: Hämeenpuisto 27 | C102: Keskusta Tampere | D102: 3307 | E102: Herrainmäki LKV Oy | F102: https://www.herrainmaki.fi/ | G102: Puntala Eeva | H102: 97 | I102: 1955 | J102: Tampere | K102: Keskusta | L102: 20812136 | M102: false | N102: https://d3ls91xgksobn.cloudfront.net/400x300/etuovimedia/images/property/import/457/2609457/0e76b9541118d347871c0e0e51d244c4/d0dc4a9de5b2c285e791711d8b61c854/ORIGINAL.jpeg | O102: https://d3ls91xgksobn.cloudfront.net/1200x900/etuovimedia/images/property/import/457/2609457/0e76b9541118d347871c0e0e51d244c4/d0dc4a9de5b2c285e791711d8b61c854/ORIGINAL.jpeg | P102: https://d3ls91xgksobn.cloudfront.net/1200x900/etuovimedia/images/property/import/457/2609457/0e76b9541118d347871c0e0e51d244c4/6005a6c7644a6f0c10a569a922167efb/ORIGINAL.jpeg | R102: false | S102: false | T102: 61.498171 | U102: 2609457 | V102: https://www.etuovi.com/kohde/20812136 | W102: 23.752532 | X102: 318000 | Y102: 318 000 € | AA102: Apartment (Kerrostalo) | AB102: RESIDENTIAL | AC102: 2026-06-10 | AD102: 3 | AE102: 3h, k, kph, s, wc, parveke (yj:n mukaan 3h + k + s) | AF102: 2026-06-10T14:03:22.620Z | AG102: Apartment (Kerrostalo) — 3h, k, kph, s, wc, parveke (yj:n mukaan 3h + k + s) — 97 m² — Keskusta Tampere | AH102: 97 | AI102: =IF(AE102="", "no info", IF(OR(ISNUMBER(SEARCH("kt", AE102)), ISNUMBER(SEARCH("avokeittiö", AE102))), "Open", IF(ISNUMBER(SEARCH("kk", AE102)), "Kitchenette", "Independent"))) -> Independent | AJ102: =IF(AE102="", "no info", IF(OR(ISNUMBER(SEARCH(" s ", AE102)), ISNUMBER(SEARCH("sauna", AE102)), ISNUMBER(SEARCH("+ s", AE102))), "YES", "NO")) -> YES | AK102: =IF(AE102="", "no info", IF(OR(ISNUMBER(SEARCH("las.p", AE102)), ISNUMBER(SEARCH("lasitettu", AE102))), "Glazed Balcony", IF(OR(ISNUMBER(SEARCH(" p ", AE102)), ISNUMBER(SEARCH("parveke", AE102))), "Standard Balcony", IF(OR(ISNUMBER(SEARCH("terassi", AE102)), ISNUMBER(SEARCH("kuisti", AE102))), "Terrace", "None")))) -> Standard Balcony | AL102: =IF(AE102="", "no info", IF(OR(ISNUMBER(SEARCH("2wc", AE102)), ISNUMBER(SEARCH("2xwc", AE102))), "2 Toilets", "1 Toilet")) -> 1 Toilet | AM102: =IF(AE102="", "no info", IF(OR(ISNUMBER(SEARCH("vh", AE102)), ISNUMBER(SEARCH("var", AE102))), "YES", "NO")) -> NO | AN102: =VLOOKUP(J102, 'Regions and Cities'!A:B, 2, FALSE) -> Pirkanmaa
A103: Hämeentie 174 Vanhakaupunki Helsinki | B103: Hämeentie 174 | C103: Vanhakaupunki Helsinki | D103: 1085 | E103: Kiinteistömaailma Helsinki Oulunkylä-Käpylä | Oulunkylän Asunnot Oy | F103: http://www.kiinteistomaailma.fi/ | H103: 58 | I103: 1898 | J103: Helsinki | K103: Vanhakaupunki | L103: 30006240 | M103: false | N103: https://d3ls91xgksobn.cloudfront.net/400x300/etuovimedia/images/property/import/443/2608443/0e76b9541118d347871c0e0e51d244c4/6094a580f4c83d172d54552a639b0e5c/ORIGINAL.jpeg | O103: https://d3ls91xgksobn.cloudfront.net/1200x900/etuovimedia/images/property/import/443/2608443/0e76b9541118d347871c0e0e51d244c4/6094a580f4c83d172d54552a639b0e5c/ORIGINAL.jpeg | R103: false | S103: false | T103: 60.215673 | U103: 2608443 | V103: https://www.etuovi.com/kohde/30006240 | W103: 24.980209 | X103: 498000 | Y103: 498 000 € | AA103: Detached House (Omakotitalo) | AB103: RESIDENTIAL | AC103: 2026-06-09 | AD103: 2 | AE103: 2h, k, et, kph, kuisti, autopaikka, 2 piharakennusta, piha | AF103: 2026-06-10T14:04:46.925Z | AG103: Detached House (Omakotitalo) — 2h, k, et, kph, kuisti, autopaikka, 2 piharakennusta, piha — 58 m² — Vanhakaupunki Helsinki | AH103: 84 | AI103: =IF(AE103="", "no info", IF(OR(ISNUMBER(SEARCH("kt", AE103)), ISNUMBER(SEARCH("avokeittiö", AE103))), "Open", IF(ISNUMBER(SEARCH("kk", AE103)), "Kitchenette", "Independent"))) -> Kitchenette | AJ103: =IF(AE103="", "no info", IF(OR(ISNUMBER(SEARCH(" s ", AE103)), ISNUMBER(SEARCH("sauna", AE103)), ISNUMBER(SEARCH("+ s", AE103))), "YES", "NO")) -> NO | AK103: =IF(AE103="", "no info", IF(OR(ISNUMBER(SEARCH("las.p", AE103)), ISNUMBER(SEARCH("lasitettu", AE103))), "Glazed Balcony", IF(OR(ISNUMBER(SEARCH(" p ", AE103)), ISNUMBER(SEARCH("parveke", AE103))), "Standard Balcony", IF(OR(ISNUMBER(SEARCH("terassi", AE103)), ISNUMBER(SEARCH("kuisti", AE103))), "Terrace", "None")))) -> Terrace | AL103: =IF(AE103="", "no info", IF(OR(ISNUMBER(SEARCH("2wc", AE103)), ISNUMBER(SEARCH("2xwc", AE103))), "2 Toilets", "1 Toilet")) -> 1 Toilet | AM103: =IF(AE103="", "no info", IF(OR(ISNUMBER(SEARCH("vh", AE103)), ISNUMBER(SEARCH("var", AE103))), "YES", "NO")) -> NO | AN103: =VLOOKUP(J103, 'Regions and Cities'!A:B, 2, FALSE) -> Uusimaa
A104: Hangontie 2240a Tammisaari Raasepori | B104: Hangontie 2240a | C104: Tammisaari Raasepori | D104: 1571 | E104: Sp-Koti | Raseborgs Bostadsapotek Ab Oy AFM | F104: https://www.saastopankki.fi/sv-se/sb-hem | G104: Jeanette Mäkinen-Malmberg | H104: 120 | I104: 1950 | J104: Raasepori | K104: Tammisaari | L104: 80515520 | M104: false | N104: https://d3ls91xgksobn.cloudfront.net/400x300/etuovimedia/images/property/import/444/2608444/0e76b9541118d347871c0e0e51d244c4/b037b1c7e7713ebf9e14f915b146fe70/ORIGINAL.jpeg | O104: https://d3ls91xgksobn.cloudfront.net/1200x900/etuovimedia/images/property/import/444/2608444/0e76b9541118d347871c0e0e51d244c4/b037b1c7e7713ebf9e14f915b146fe70/ORIGINAL.jpeg | P104: https://d3ls91xgksobn.cloudfront.net/1200x900/etuovimedia/images/property/import/444/2608444/0e76b9541118d347871c0e0e51d244c4/42798ee6e2cf8a073a1fe485870722db/ORIGINAL.jpeg | Q104: https://d3ls91xgksobn.cloudfront.net/1200x900/etuovimedia/images/property/import/444/2608444/0e76b9541118d347871c0e0e51d244c4/23578940867027abd27561ccb2080325/ORIGINAL.jpeg | R104: false | S104: false | T104: 59.97347 | U104: 2608444 | V104: https://www.etuovi.com/kohde/80515520 | W104: 23.39375 | X104: 179000 | Y104: 179 000 € | AA104: Detached House (Omakotitalo) | AB104: RESIDENTIAL | AC104: 2026-06-09 | AD104: 4 | AE104: 4.-5 h, kuisti, et, kph, s | AF104: 2026-06-10T14:04:46.907Z | AG104: Detached House (Omakotitalo) — 4.-5 h, kuisti, et, kph, s — 120 m² — Tammisaari Raasepori | AH104: 180 | AI104: =IF(AE104="", "no info", IF(OR(ISNUMBER(SEARCH("kt", AE104)), ISNUMBER(SEARCH("avokeittiö", AE104))), "Open", IF(ISNUMBER(SEARCH("kk", AE104)), "Kitchenette", "Independent"))) -> Independent | AJ104: =IF(AE104="", "no info", IF(OR(ISNUMBER(SEARCH(" s ", AE104)), ISNUMBER(SEARCH("sauna", AE104)), ISNUMBER(SEARCH("+ s", AE104))), "YES", "NO")) -> NO | AK104: =IF(AE104="", "no info", IF(OR(ISNUMBER(SEARCH("las.p", AE104)), ISNUMBER(SEARCH("lasitettu", AE104))), "Glazed Balcony", IF(OR(ISNUMBER(SEARCH(" p ", AE104)), ISNUMBER(SEARCH("parveke", AE104))), "Standard Balcony", IF(OR(ISNUMBER(SEARCH("terassi", AE104)), ISNUMBER(SEARCH("kuisti", AE104))), "Terrace", "None")))) -> Terrace | AL104: =IF(AE104="", "no info", IF(OR(ISNUMBER(SEARCH("2wc", AE104)), ISNUMBER(SEARCH("2xwc", AE104))), "2 Toilets", "1 Toilet")) -> 1 Toilet | AM104: =IF(AE104="", "no info", IF(OR(ISNUMBER(SEARCH("vh", AE104)), ISNUMBER(SEARCH("var", AE104))), "YES", "NO")) -> NO | AN104: =VLOOKUP(J104, 'Regions and Cities'!A:B, 2, FALSE) -> Uusimaa
A105: Hanhenkuja 4 Lukkarinmäki Salo | B105: Hanhenkuja 4 | C105: Lukkarinmäki Salo | D105: 3815 | E105: UMMO LKV Salo | F105: https://www.ummo.fi/ | H105: 100 | I105: 1949 | J105: Salo | K105: Lukkarinmäki | L105: 80504258 | M105: false | N105: https://d3ls91xgksobn.cloudfront.net/400x300/etuovimedia/images/property/import/851/2574851/0e76b9541118d347871c0e0e51d244c4/910ae5a5f161b3bd60eed1ab9bea93ff/ORIGINAL.jpeg | O105: https://d3ls91xgksobn.cloudfront.net/1200x900/etuovimedia/images/property/import/851/2574851/0e76b9541118d347871c0e0e51d244c4/910ae5a5f161b3bd60eed1ab9bea93ff/ORIGINAL.jpeg | R105: false | S105: false | T105: 60.37943 | U105: 2574851 | V105: https://www.etuovi.com/kohde/80504258 | W105: 23.12522 | X105: 109000 | Y105: 109 000 € | AA105: Detached House (Omakotitalo) | AB105: RESIDENTIAL | AC105: 2026-05-12 | AD105: 5 | AE105: 5h + k + kph + 2 erill.wc + autotalli + ulkosauna / pkh + varasto + kesähuone | AF105: 2026-06-10T14:04:35.251Z | AG105: Detached House (Omakotitalo) — 5h + k + kph + 2 erill.wc + autotalli + ulkosauna / pkh + varasto + kesähuone — 100 m² — Lukkarinmäki Salo | AH105: 189 | AI105: =IF(AE105="", "no info", IF(OR(ISNUMBER(SEARCH("kt", AE105)), ISNUMBER(SEARCH("avokeittiö", AE105))), "Open", IF(ISNUMBER(SEARCH("kk", AE105)), "Kitchenette", "Independent"))) -> Independent | AJ105: =IF(AE105="", "no info", IF(OR(ISNUMBER(SEARCH(" s ", AE105)), ISNUMBER(SEARCH("sauna", AE105)), ISNUMBER(SEARCH("+ s", AE105))), "YES", "NO")) -> YES | AK105: =IF(AE105="", "no info", IF(OR(ISNUMBER(SEARCH("las.p", AE105)), ISNUMBER(SEARCH("lasitettu", AE105))), "Glazed Balcony", IF(OR(ISNUMBER(SEARCH(" p ", AE105)), ISNUMBER(SEARCH("parveke", AE105))), "Standard Balcony", IF(OR(ISNUMBER(SEARCH("terassi", AE105)), ISNUMBER(SEARCH("kuisti", AE105))), "Terrace", "None")))) -> None | AL105: =IF(AE105="", "no info", IF(OR(ISNUMBER(SEARCH("2wc", AE105)), ISNUMBER(SEARCH("2xwc", AE105))), "2 Toilets", "1 Toilet")) -> 1 Toilet | AM105: =IF(AE105="", "no info", IF(OR(ISNUMBER(SEARCH("vh", AE105)), ISNUMBER(SEARCH("var", AE105))), "YES", "NO")) -> YES | AN105: =VLOOKUP(J105, 'Regions and Cities'!A:B, 2, FALSE) -> Varsinais-Suomi
A106: Hanhikkitie 2 Vanhakylä Ulvila | B106: Hanhikkitie 2 | C106: Vanhakylä Ulvila | D106: 851 | E106: Kiinteistöpori Oy Airi Vuorisalo LKV | F106: http://kiinteistopori.fi/ | H106: 75 | I106: 1978 | J106: Ulvila | K106: Vanhakylä | L106: 20400657 | M106: false | N106: https://d3ls91xgksobn.cloudfront.net/400x300/etuovimedia/images/property/import/122/2609122/0e76b9541118d347871c0e0e51d244c4/c8577b57e7e10059bac5423a416d6f58/ORIGINAL.jpeg | O106: https://d3ls91xgksobn.cloudfront.net/1200x900/etuovimedia/images/property/import/122/2609122/0e76b9541118d347871c0e0e51d244c4/c8577b57e7e10059bac5423a416d6f58/ORIGINAL.jpeg | R106: false | S106: false | T106: 61.45206 | U106: 2609122 | V106: https://www.etuovi.com/kohde/20400657 | W106: 21.89291 | X106: 81000 | Y106: 81 000 € | AA106: Row House (Rivitalo) | AB106: RESIDENTIAL | AC106: 2026-06-10 | AD106: 3 | AE106: 3h, k, ph, s + autokatospaikka ja varasto | AF106: 2026-06-10T14:03:51.576Z | AG106: Row House (Rivitalo) — 3h, k, ph, s + autokatospaikka ja varasto — 75 m² — Vanhakylä Ulvila | AH106: 75 | AI106: =IF(AE106="", "no info", IF(OR(ISNUMBER(SEARCH("kt", AE106)), ISNUMBER(SEARCH("avokeittiö", AE106))), "Open", IF(ISNUMBER(SEARCH("kk", AE106)), "Kitchenette", "Independent"))) -> Kitchenette | AJ106: =IF(AE106="", "no info", IF(OR(ISNUMBER(SEARCH(" s ", AE106)), ISNUMBER(SEARCH("sauna", AE106)), ISNUMBER(SEARCH("+ s", AE106))), "YES", "NO")) -> YES | AK106: =IF(AE106="", "no info", IF(OR(ISNUMBER(SEARCH("las.p", AE106)), ISNUMBER(SEARCH("lasitettu", AE106))), "Glazed Balcony", IF(OR(ISNUMBER(SEARCH(" p ", AE106)), ISNUMBER(SEARCH("parveke", AE106))), "Standard Balcony", IF(OR(ISNUMBER(SEARCH("terassi", AE106)), ISNUMBER(SEARCH("kuisti", AE106))), "Terrace", "None")))) -> None | AL106: =IF(AE106="", "no info", IF(OR(ISNUMBER(SEARCH("2wc", AE106)), ISNUMBER(SEARCH("2xwc", AE106))), "2 Toilets", "1 Toilet")) -> 1 Toilet | AM106: =IF(AE106="", "no info", IF(OR(ISNUMBER(SEARCH("vh", AE106)), ISNUMBER(SEARCH("var", AE106))), "YES", "NO")) -> YES | AN106: =VLOOKUP(J106, 'Regions and Cities'!A:B, 2, FALSE) -> Satakunta
A107: Hanikka 13 Hanikka Espoo | B107: Hanikka 13 | C107: Hanikka Espoo | D107: 2534 | E107: Bo LKV Espoo | F107: https://bo.fi/myymassa/ | G107: Lehtinen Aleksi | H107: 257 | I107: 1974 | J107: Espoo | K107: Hanikka | L107: 21597391 | M107: false | N107: https://d3ls91xgksobn.cloudfront.net/400x300/etuovimedia/images/property/import/189/2504189/0e76b9541118d347871c0e0e51d244c4/423b40ffa5ea3ba5fe6181f9671cbbe0/ORIGINAL.jpeg | O107: https://d3ls91xgksobn.cloudfront.net/1200x900/etuovimedia/images/property/import/189/2504189/0e76b9541118d347871c0e0e51d244c4/423b40ffa5ea3ba5fe6181f9671cbbe0/ORIGINAL.jpeg | P107: https://d3ls91xgksobn.cloudfront.net/1200x900/etuovimedia/images/property/import/189/2504189/0e76b9541118d347871c0e0e51d244c4/899ef5570f6c2d8aafcac9946d5c4862/ORIGINAL.jpeg | R107: false | S107: false | T107: 60.132075 | U107: 2504189 | V107: https://www.etuovi.com/kohde/21597391 | W107: 24.682536 | X107: 695000 | Y107: 695 000 € | AA107: Semi-detached (Paritalo) | AB107: RESIDENTIAL | AC107: 2026-03-12 | AD107: 5 | AE107: 5h, k, ruok, takkahuone, 2 x ph, s, khh, 2 x wc, vh, var, parveke, terassi, uima-allas, et (yj: 5h + k + aputilat) | AF107: 2026-06-10T14:03:22.759Z | AG107: Semi-detached (Paritalo) — 5h, k, ruok, takkahuone, 2 x ph, s, khh, 2 x wc, vh, var, parveke, terassi, uima-allas, et (yj: 5h + k + aputilat) — 257 m² — Hanikka Espoo | AH107: 257 | AI107: =IF(AE107="", "no info", IF(OR(ISNUMBER(SEARCH("kt", AE107)), ISNUMBER(SEARCH("avokeittiö", AE107))), "Open", IF(ISNUMBER(SEARCH("kk", AE107)), "Kitchenette", "Independent"))) -> Kitchenette | AJ107: =IF(AE107="", "no info", IF(OR(ISNUMBER(SEARCH(" s ", AE107)), ISNUMBER(SEARCH("sauna", AE107)), ISNUMBER(SEARCH("+ s", AE107))), "YES", "NO")) -> NO | AK107: =IF(AE107="", "no info", IF(OR(ISNUMBER(SEARCH("las.p", AE107)), ISNUMBER(SEARCH("lasitettu", AE107))), "Glazed Balcony", IF(OR(ISNUMBER(SEARCH(" p ", AE107)), ISNUMBER(SEARCH("parveke", AE107))), "Standard Balcony", IF(OR(ISNUMBER(SEARCH("terassi", AE107)), ISNUMBER(SEARCH("kuisti", AE107))), "Terrace", "None")))) -> Standard Balcony | AL107: =IF(AE107="", "no info", IF(OR(ISNUMBER(SEARCH("2wc", AE107)), ISNUMBER(SEARCH("2xwc", AE107))), "2 Toilets", "1 Toilet")) -> 1 Toilet | AM107: =IF(AE107="", "no info", IF(OR(ISNUMBER(SEARCH("vh", AE107)), ISNUMBER(SEARCH("var", AE107))), "YES", "NO")) -> YES | AN107: =VLOOKUP(J107, 'Regions and Cities'!A:B, 2, FALSE) -> Uusimaa
A108: Hannuntie 2 A 2 Sipovaara Kemijärvi | B108: Hannuntie 2 A 2 | C108: Sipovaara Kemijärvi | D108: 2038 | E108: LKV-Posio Ky | H108: 119 | I108: 1978 | J108: Kemijärvi | K108: Sipovaara | L108: 21652909 | M108: false | N108: https://d3ls91xgksobn.cloudfront.net/400x300/etuovimedia/images/property/import/159/2609159/0e76b9541118d347871c0e0e51d244c4/aa07211a9c4761dcfdbe913097e89e7f/ORIGINAL.jpeg | O108: https://d3ls91xgksobn.cloudfront.net/1200x900/etuovimedia/images/property/import/159/2609159/0e76b9541118d347871c0e0e51d244c4/aa07211a9c4761dcfdbe913097e89e7f/ORIGINAL.jpeg | R108: false | S108: false | T108: 66.715591 | U108: 2609159 | V108: https://www.etuovi.com/kohde/21652909 | W108: 27.488887 | X108: 29000 | Y108: 29 000 € | AA108: Semi-detached (Paritalo) | AB108: RESIDENTIAL | AC108: 2026-06-10 | AD108: 5 | AE108: 5h, k, s | AF108: 2026-06-10T14:03:46.839Z | AG108: Semi-detached (Paritalo) — 5h, k, s — 119 m² — Sipovaara Kemijärvi | AH108: 142.5 | AI108: =IF(AE108="", "no info", IF(OR(ISNUMBER(SEARCH("kt", AE108)), ISNUMBER(SEARCH("avokeittiö", AE108))), "Open", IF(ISNUMBER(SEARCH("kk", AE108)), "Kitchenette", "Independent"))) -> Independent | AJ108: =IF(AE108="", "no info", IF(OR(ISNUMBER(SEARCH(" s ", AE108)), ISNUMBER(SEARCH("sauna", AE108)), ISNUMBER(SEARCH("+ s", AE108))), "YES", "NO")) -> NO | AK108: =IF(AE108="", "no info", IF(OR(ISNUMBER(SEARCH("las.p", AE108)), ISNUMBER(SEARCH("lasitettu", AE108))), "Glazed Balcony", IF(OR(ISNUMBER(SEARCH(" p ", AE108)), ISNUMBER(SEARCH("parveke", AE108))), "Standard Balcony", IF(OR(ISNUMBER(SEARCH("terassi", AE108)), ISNUMBER(SEARCH("kuisti", AE108))), "Terrace", "None")))) -> None | AL108: =IF(AE108="", "no info", IF(OR(ISNUMBER(SEARCH("2wc", AE108)), ISNUMBER(SEARCH("2xwc", AE108))), "2 Toilets", "1 Toilet")) -> 1 Toilet | AM108: =IF(AE108="", "no info", IF(OR(ISNUMBER(SEARCH("vh", AE108)), ISNUMBER(SEARCH("var", AE108))), "YES", "NO")) -> NO | AN108: =VLOOKUP(J108, 'Regions and Cities'!A:B, 2, FALSE) -> Lappi
A109: Harankatu 3 A Hakametsä Tampere | B109: Harankatu 3 A | C109: Hakametsä Tampere | D109: 709 | E109: Tampereen Arvohuoneistot Oy | F109: http://www.arvohuoneistot.fi/ | H109: 56.5 | I109: 2011 | J109: Tampere | K109: Hakametsä | L109: 80514398 | M109: false | N109: https://d3ls91xgksobn.cloudfront.net/400x300/etuovimedia/images/property/import/860/2608860/0e76b9541118d347871c0e0e51d244c4/5fb7d8b2e434d29694f51371baa530d9/ORIGINAL.jpeg | O109: https://d3ls91xgksobn.cloudfront.net/1200x900/etuovimedia/images/property/import/860/2608860/0e76b9541118d347871c0e0e51d244c4/5fb7d8b2e434d29694f51371baa530d9/ORIGINAL.jpeg | R109: false | S109: false | T109: 61.49256 | U109: 2608860 | V109: https://www.etuovi.com/kohde/80514398 | W109: 23.83979 | X109: 179900 | Y109: 179 900 € | AA109: Apartment (Kerrostalo) | AB109: RESIDENTIAL | AC109: 2026-06-10 | AD109: 2 | AE109: 2h, k, kph / wc, sauna, vh, lasitettu parveke | AF109: 2026-06-10T14:04:13.680Z | AG109: Apartment (Kerrostalo) — 2h, k, kph / wc, sauna, vh, lasitettu parveke — 56.5 m² — Hakametsä Tampere | AH109: 56.5 | AI109: =IF(AE109="", "no info", IF(OR(ISNUMBER(SEARCH("kt", AE109)), ISNUMBER(SEARCH("avokeittiö", AE109))), "Open", IF(ISNUMBER(SEARCH("kk", AE109)), "Kitchenette", "Independent"))) -> Independent | AJ109: =IF(AE109="", "no info", IF(OR(ISNUMBER(SEARCH(" s ", AE109)), ISNUMBER(SEARCH("sauna", AE109)), ISNUMBER(SEARCH("+ s", AE109))), "YES", "NO")) -> YES | AK109: =IF(AE109="", "no info", IF(OR(ISNUMBER(SEARCH("las.p", AE109)), ISNUMBER(SEARCH("lasitettu", AE109))), "Glazed Balcony", IF(OR(ISNUMBER(SEARCH(" p ", AE109)), ISNUMBER(SEARCH("parveke", AE109))), "Standard Balcony", IF(OR(ISNUMBER(SEARCH("terassi", AE109)), ISNUMBER(SEARCH("kuisti", AE109))), "Terrace", "None")))) -> Glazed Balcony | AL109: =IF(AE109="", "no info", IF(OR(ISNUMBER(SEARCH("2wc", AE109)), ISNUMBER(SEARCH("2xwc", AE109))), "2 Toilets", "1 Toilet")) -> 1 Toilet | AM109: =IF(AE109="", "no info", IF(OR(ISNUMBER(SEARCH("vh", AE109)), ISNUMBER(SEARCH("var", AE109))), "YES", "NO")) -> YES | AN109: =VLOOKUP(J109, 'Regions and Cities'!A:B, 2, FALSE) -> Pirkanmaa
A110: Harjukuja 13 A Marttila Sastamala | B110: Harjukuja 13 A | C110: Marttila Sastamala | D110: 232 | E110: Muutos LKV | Pirkanmaan Laatuvälitys Oy | F110: https://muutoslkv.fi/kiinteistonvalitys-tampere/?utm_source=etuovi.com&utm_medium=logo | G110: Ville Heinonen | H110: 98.5 | I110: 2003 | J110: Sastamala | K110: Marttila | L110: 80510899 | M110: false | N110: https://d3ls91xgksobn.cloudfront.net/400x300/etuovimedia/images/property/import/203/2609203/0e76b9541118d347871c0e0e51d244c4/12072c4a2424ba0f93dd406e36623687/ORIGINAL.jpeg | O110: https://d3ls91xgksobn.cloudfront.net/1200x900/etuovimedia/images/property/import/203/2609203/0e76b9541118d347871c0e0e51d244c4/12072c4a2424ba0f93dd406e36623687/ORIGINAL.jpeg | P110: https://d3ls91xgksobn.cloudfront.net/1200x900/etuovimedia/images/property/import/203/2609203/0e76b9541118d347871c0e0e51d244c4/4f609cf5dbba93a48af2a38a3e92e83a/ORIGINAL.jpeg | Q110: https://d3ls91xgksobn.cloudfront.net/1200x900/etuovimedia/images/property/import/203/2609203/0e76b9541118d347871c0e0e51d244c4/f597297bacfc7434cf27d4f4778d5c83/ORIGINAL.jpeg | R110: false | S110: false | T110: 61.32731 | U110: 2609203 | V110: https://www.etuovi.com/kohde/80510899 | W110: 22.92791 | X110: 134000 | Y110: 134 000 € | AA110: Row House (Rivitalo) | AB110: RESIDENTIAL | AC110: 2026-06-10 | AD110: 4 | AE110: 4h, k, s, ph, at | AF110: 2026-06-10T14:03:44.051Z | AG110: Row House (Rivitalo) — 4h, k, s, ph, at — 98.5 m² — Marttila Sastamala | AH110: 98.5 | AI110: =IF(AE110="", "no info", IF(OR(ISNUMBER(SEARCH("kt", AE110)), ISNUMBER(SEARCH("avokeittiö", AE110))), "Open", IF(ISNUMBER(SEARCH("kk", AE110)), "Kitchenette", "Independent"))) -> Independent | AJ110: =IF(AE110="", "no info", IF(OR(ISNUMBER(SEARCH(" s ", AE110)), ISNUMBER(SEARCH("sauna", AE110)), ISNUMBER(SEARCH("+ s", AE110))), "YES", "NO")) -> NO | AK110: =IF(AE110="", "no info", IF(OR(ISNUMBER(SEARCH("las.p", AE110)), ISNUMBER(SEARCH("lasitettu", AE110))), "Glazed Balcony", IF(OR(ISNUMBER(SEARCH(" p ", AE110)), ISNUMBER(SEARCH("parveke", AE110))), "Standard Balcony", IF(OR(ISNUMBER(SEARCH("terassi", AE110)), ISNUMBER(SEARCH("kuisti", AE110))), "Terrace", "None")))) -> None | AL110: =IF(AE110="", "no info", IF(OR(ISNUMBER(SEARCH("2wc", AE110)), ISNUMBER(SEARCH("2xwc", AE110))), "2 Toilets", "1 Toilet")) -> 1 Toilet | AM110: =IF(AE110="", "no info", IF(OR(ISNUMBER(SEARCH("vh", AE110)), ISNUMBER(SEARCH("var", AE110))), "YES", "NO")) -> NO | AN110: =VLOOKUP(J110, 'Regions and Cities'!A:B, 2, FALSE) -> Pirkanmaa
A111: Harjulankatu 3 D Pitkälahti Iisalmi | B111: Harjulankatu 3 D | C111: Pitkälahti Iisalmi | D111: 587 | E111: OP Koti Itä-Suomi Oy LKV, Iisalmi | F111: https://op-koti.fi?cmpid=.opkoti..huom.1.etuovi.banner.yrityslogo.ha_jn_opkoti_valitys | H111: 81 | I111: 1997 | J111: Iisalmi | K111: Pitkälahti | L111: 621013 | M111: false | N111: https://d3ls91xgksobn.cloudfront.net/400x300/etuovimedia/images/property/import/416/2608416/0e76b9541118d347871c0e0e51d244c4/980cf6914eb9cebc6e73a3ddbb180ef8/ORIGINAL.jpeg | O111: https://d3ls91xgksobn.cloudfront.net/1200x900/etuovimedia/images/property/import/416/2608416/0e76b9541118d347871c0e0e51d244c4/980cf6914eb9cebc6e73a3ddbb180ef8/ORIGINAL.jpeg | P111: https://d3ls91xgksobn.cloudfront.net/1200x900/etuovimedia/images/property/import/416/2608416/0e76b9541118d347871c0e0e51d244c4/f41e966b31dcf5811a69ca5d34817d57/ORIGINAL.jpeg | R111: false | S111: false | T111: 63.578635 | U111: 2608416 | V111: https://www.etuovi.com/kohde/621013 | W111: 27.209905 | X111: 115000 | Y111: 115 000 € | AA111: Row House (Rivitalo) | AB111: RESIDENTIAL | AC111: 2026-06-09 | AD111: 3 | AE111: 3h, k, s | AF111: 2026-06-10T14:04:49.316Z | AG111: Row House (Rivitalo) — 3h, k, s — 81 m² — Pitkälahti Iisalmi | AH111: 81 | AI111: =IF(AE111="", "no info", IF(OR(ISNUMBER(SEARCH("kt", AE111)), ISNUMBER(SEARCH("avokeittiö", AE111))), "Open", IF(ISNUMBER(SEARCH("kk", AE111)), "Kitchenette", "Independent"))) -> Independent | AJ111: =IF(AE111="", "no info", IF(OR(ISNUMBER(SEARCH(" s ", AE111)), ISNUMBER(SEARCH("sauna", AE111)), ISNUMBER(SEARCH("+ s", AE111))), "YES", "NO")) -> NO | AK111: =IF(AE111="", "no info", IF(OR(ISNUMBER(SEARCH("las.p", AE111)), ISNUMBER(SEARCH("lasitettu", AE111))), "Glazed Balcony", IF(OR(ISNUMBER(SEARCH(" p ", AE111)), ISNUMBER(SEARCH("parveke", AE111))), "Standard Balcony", IF(OR(ISNUMBER(SEARCH("terassi", AE111)), ISNUMBER(SEARCH("kuisti", AE111))), "Terrace", "None")))) -> None | AL111: =IF(AE111="", "no info", IF(OR(ISNUMBER(SEARCH("2wc", AE111)), ISNUMBER(SEARCH("2xwc", AE111))), "2 Toilets", "1 Toilet")) -> 1 Toilet | AM111: =IF(AE111="", "no info", IF(OR(ISNUMBER(SEARCH("vh", AE111)), ISNUMBER(SEARCH("var", AE111))), "YES", "NO")) -> NO | AN111: =VLOOKUP(J111, 'Regions and Cities'!A:B, 2, FALSE) -> Pohjois-Savo
A112: Harjutie 19 E Vuorentausta Ylöjärvi | B112: Harjutie 19 E | C112: Vuorentausta Ylöjärvi | D112: 232 | E112: Muutos LKV | Pirkanmaan Laatuvälitys Oy | F112: https://muutoslkv.fi/kiinteistonvalitys-tampere/?utm_source=etuovi.com&utm_medium=logo | G112: Virve Lepola | H112: 75 | I112: 1984 | J112: Ylöjärvi | K112: Vuorentausta | L112: 80470766 | M112: false | N112: https://d3ls91xgksobn.cloudfront.net/400x300/etuovimedia/images/property/import/793/2399793/0e76b9541118d347871c0e0e51d244c4/08bbb1e7afec8bb1d74d2a41931b93ff/ORIGINAL.jpeg | O112: https://d3ls91xgksobn.cloudfront.net/1200x900/etuovimedia/images/property/import/793/2399793/0e76b9541118d347871c0e0e51d244c4/08bbb1e7afec8bb1d74d2a41931b93ff/ORIGINAL.jpeg | P112: https://d3ls91xgksobn.cloudfront.net/1200x900/etuovimedia/images/property/import/793/2399793/0e76b9541118d347871c0e0e51d244c4/fb3fc345faa9d34f72cb574404956dc5/ORIGINAL.jpeg | Q112: https://d3ls91xgksobn.cloudfront.net/1200x900/etuovimedia/images/property/import/793/2399793/0e76b9541118d347871c0e0e51d244c4/2cfe48f7fed1e809917c823ac1c26138/ORIGINAL.jpeg | R112: false | S112: false | T112: 61.53772 | U112: 2399793 | V112: https://www.etuovi.com/kohde/80470766 | W112: 23.59898 | X112: 129000 | Y112: 129 000 € | AA112: Row House (Rivitalo) | AB112: RESIDENTIAL | AC112: 2025-11-21 | AD112: 3 | AE112: 3h, k, kph, erill.wc, vh, varasto | AF112: 2026-06-10T14:04:22.270Z | AG112: Row House (Rivitalo) — 3h, k, kph, erill.wc, vh, varasto — 75 m² — Vuorentausta Ylöjärvi | AH112: 75 | AI112: =IF(AE112="", "no info", IF(OR(ISNUMBER(SEARCH("kt", AE112)), ISNUMBER(SEARCH("avokeittiö", AE112))), "Open", IF(ISNUMBER(SEARCH("kk", AE112)), "Kitchenette", "Independent"))) -> Independent | AJ112: =IF(AE112="", "no info", IF(OR(ISNUMBER(SEARCH(" s ", AE112)), ISNUMBER(SEARCH("sauna", AE112)), ISNUMBER(SEARCH("+ s", AE112))), "YES", "NO")) -> NO | AK112: =IF(AE112="", "no info", IF(OR(ISNUMBER(SEARCH("las.p", AE112)), ISNUMBER(SEARCH("lasitettu", AE112))), "Glazed Balcony", IF(OR(ISNUMBER(SEARCH(" p ", AE112)), ISNUMBER(SEARCH("parveke", AE112))), "Standard Balcony", IF(OR(ISNUMBER(SEARCH("terassi", AE112)), ISNUMBER(SEARCH("kuisti", AE112))), "Terrace", "None")))) -> None | AL112: =IF(AE112="", "no info", IF(OR(ISNUMBER(SEARCH("2wc", AE112)), ISNUMBER(SEARCH("2xwc", AE112))), "2 Toilets", "1 Toilet")) -> 1 Toilet | AM112: =IF(AE112="", "no info", IF(OR(ISNUMBER(SEARCH("vh", AE112)), ISNUMBER(SEARCH("var", AE112))), "YES", "NO")) -> YES | AN112: =VLOOKUP(J112, 'Regions and Cities'!A:B, 2, FALSE) -> Pirkanmaa
